Year,Year_simple,Sample_size,category,fit,fit_link,se_link,fit_resp,right_upr,right_lwr,Percent_resistance_predict,CI_upper,CI_lower,icon,signif_level
2017,0,200,Pigs.E. coli.ESBL producers,9.949770679144626,2.2975495035827596,0.9145462965938363,9.949770679144626,61.96948563851855,1.5975271627239656,4.974885339572313,30.984742819259274,0.7987635813619828,oscilate,
2018,1,200,Pigs.E. coli.ESBL producers,7.404330067181895,2.002064973293772,0.6838802792940302,7.404330067181895,29.073454224438926,1.8857100130086746,3.702165033590947,14.536727112219463,0.9428550065043373,oscilate,
2019,2,200,Pigs.E. coli.ESBL producers,5.510087168007678,1.7065804430047846,0.5446788287575158,5.510087168007678,16.377985745771262,1.8537725621651602,2.755043584003839,8.188992872885631,0.9268862810825802,oscilate,
2020,3,200,Pigs.E. coli.ESBL producers,4.100446674252378,1.4110959127157976,0.5686328331020263,4.100446674252378,12.786137534311676,1.3149915588869447,2.050223337126189,6.393068767155838,0.6574957794434724,oscilate,
2021,4,200,Pigs.E. coli.ESBL producers,3.0514332016396803,1.1156113824268106,0.7400655738258696,3.0514332016396803,13.406538424498224,0.694530108312988,1.5257166008198402,6.703269212249112,0.347265054156494,oscilate,
2022,5,200,Pigs.E. coli.ESBL producers,2.270787873559329,0.8201268521378227,0.9847518928838824,2.270787873559329,16.275007320674934,0.3168341165753933,1.1353939367796646,8.137503660337467,0.15841705828769664,oscilate,
