Year,Year_simple,Sample_size,category,fit,fit_link,se_link,fit_resp,right_upr,right_lwr,Percent_resistance_predict,CI_upper,CI_lower,icon,signif_level
2019,0,200,Breeding hens.E. faecalis.MDR,12.302673523779482,2.5098165984160525,0.5618364772489168,12.302673523779482,37.84464736771392,3.9993971766223804,6.151336761889741,18.92232368385696,1.9996985883111902,oscilate,
2020,1,200,Breeding hens.E. faecalis.MDR,7.082764657416525,1.9576643198205672,0.45521659549117505,7.082764657416525,17.603495861297926,2.8497495944904814,3.5413823287082624,8.801747930648963,1.4248747972452407,oscilate,
2021,2,200,Breeding hens.E. faecalis.MDR,4.077614113337648,1.4055120412250819,0.6783836254906247,4.077614113337648,15.835896479811673,1.0499523584589705,2.038807056668824,7.9179482399058365,0.5249761792294853,oscilate,
2022,3,200,Breeding hens.E. faecalis.MDR,2.3475207297590965,0.853359762629597,1.0366324376253895,2.3475207297590965,18.664524524771885,0.295258181869813,1.1737603648795483,9.332262262385942,0.1476290909349065,oscilate,
