Year,Year_simple,Sample_size,category,fit,fit_link,se_link,fit_resp,right_upr,right_lwr,Percent_resistance_predict,CI_upper,CI_lower,icon,signif_level
2017,0,200,Beef Cattle.E. coli.ESBL producers,8.8856953151442,2.184442715735924,0.31744426525127584,8.8856953151442,16.76563484087903,4.709370207745495,4.4428476575721,8.382817420439515,2.3546851038727477,oscilate,
2018,1,200,Beef Cattle.E. coli.ESBL producers,7.569303663352192,2.0241010768712195,0.23618721273829485,7.569303663352192,12.139632366504392,4.719612276408238,3.784651831676096,6.069816183252196,2.359806138204119,oscilate,
2019,2,200,Beef Cattle.E. coli.ESBL producers,6.447931863068516,1.863759438006515,0.19658774285821523,6.447931863068516,9.553761236630455,4.351775628573038,3.2239659315342584,4.776880618315228,2.175887814286519,oscilate,
2020,3,200,Beef Cattle.E. coli.ESBL producers,5.492688252430565,1.7034177991418105,0.22216634552499628,5.492688252430565,8.565568378688786,3.522197582760653,2.7463441262152823,4.282784189344393,1.7610987913803264,oscilate,
2021,4,200,Beef Cattle.E. coli.ESBL producers,4.678961390890263,1.5430761602771055,0.2965094143305021,4.678961390890263,8.466311951089342,2.5858579064789677,2.3394806954451317,4.233155975544671,1.2929289532394839,oscilate,
2022,5,200,Beef Cattle.E. coli.ESBL producers,3.9857859560396607,1.3827345214124014,0.39284422326177043,3.9857859560396607,8.744482831317686,1.8167443396957406,1.9928929780198303,4.372241415658843,0.9083721698478703,oscilate,
