Year,Year_simple,Sample_size,category,fit,fit_link,se_link,fit_resp,right_upr,right_lwr,Percent_resistance_predict,CI_upper,CI_lower,icon,signif_level
2019,0,200,Pigs.E. faecalis.MDR,53.321399941871604,3.9763377504398,0.22347354427845945,53.321399941871604,83.36969207965944,34.103180914286995,26.660699970935802,41.68484603982972,17.051590457143497,oscilate,
2020,1,200,Pigs.E. faecalis.MDR,44.84723687896088,3.8032619785570265,0.1498737032051127,44.84723687896088,60.522148258897424,33.232043368221795,22.42361843948044,30.261074129448712,16.616021684110898,oscilate,
2021,2,200,Pigs.E. faecalis.MDR,37.7198396491882,3.630186206674254,0.17709435193185671,37.7198396491882,53.751679365982504,26.46961583233622,18.8599198245941,26.875839682991256,13.234807916168108,oscilate,
2022,3,200,Pigs.E. faecalis.MDR,31.72517198775158,3.4571104347914803,0.2768416022089652,31.72517198775158,55.19065465430671,18.236539210427317,15.862585993875788,27.595327327153356,9.118269605213658,oscilate,
