Year,Year_simple,Sample_size,category,fit,fit_link,se_link,fit_resp,right_upr,right_lwr,Percent_resistance_predict,CI_upper,CI_lower,icon,signif_level
2019,0,200,Fattening turkeys.E. faecium.MDR,99.18031684657838,4.596939575717897,0.1871506272873615,99.18031684657838,144.20571121780037,68.21321545948216,49.59015842328919,72.10285560890019,34.10660772974108,equals,
2020,1,200,Fattening turkeys.E. faecium.MDR,98.06467435212772,4.585627203373017,0.12932437233765703,98.06467435212772,127.01128592333207,75.71516409647079,49.03233717606386,63.505642961666034,37.85758204823539,equals,
2021,2,200,Fattening turkeys.E. faecium.MDR,96.961581305138,4.574314831028136,0.1447342412743847,96.961581305138,129.51326568003842,72.59139208503431,48.480790652569,64.75663284001921,36.29569604251716,equals,
2022,3,200,Fattening turkeys.E. faecium.MDR,95.87089654154252,4.563002458683257,0.21839180214532197,95.87089654154252,148.38141142880679,61.94326307570601,47.93544827077126,74.19070571440339,30.971631537853007,equals,
