Year,Year_simple,Sample_size,category,fit,fit_link,se_link,fit_resp,right_upr,right_lwr,Percent_resistance_predict,CI_upper,CI_lower,icon,signif_level
2017,0,200,Poultry.E. coli.ESBL producers,20.745367346654167,3.032322961348185,0.18999229547729707,20.745367346654167,30.33516353365068,14.187174757446646,10.372683673327083,15.16758176682534,7.093587378723323,downward_arrow,*
2018,1,200,Poultry.E. coli.ESBL producers,17.891485710067784,2.8843249410298144,0.14182114873218318,17.891485710067784,23.759138573049785,13.47293210691814,8.945742855033892,11.879569286524893,6.73646605345907,downward_arrow,*
2019,2,200,Poultry.E. coli.ESBL producers,15.43020451576561,2.7363269207114436,0.11817637216386115,15.43020451576561,19.544221455955014,12.182179368716083,7.715102257882806,9.772110727977507,6.0910896843580415,downward_arrow,*
2020,3,200,Poultry.E. coli.ESBL producers,13.307514828932078,2.5883289003930727,0.13286956939427,13.307514828932078,17.35825245588589,10.202061029605487,6.653757414466038,8.679126227942945,5.101030514802743,downward_arrow,*
2021,4,200,Poultry.E. coli.ESBL producers,11.476837571485712,2.4403308800747023,0.17657644471258893,11.476837571485712,16.33783803535016,8.062131620920002,5.738418785742856,8.16891901767508,4.031065810460001,downward_arrow,*
2022,5,200,Poultry.E. coli.ESBL producers,9.89800141765736,2.292332859756332,0.23353888328663633,9.89800141765736,15.790533680418461,6.204377511663104,4.94900070882868,7.8952668402092305,3.102188755831552,downward_arrow,*
