Year,Year_simple,Sample_size,category,fit,fit_link,se_link,fit_resp,right_upr,right_lwr,Percent_resistance_predict,CI_upper,CI_lower,icon,signif_level
2019,0,200,Laying hens.E. faecium.MDR,8.317376483213152,2.1183468785703705,0.34677391874570324,8.317376483213152,16.641419130838763,4.157022368080962,4.158688241606576,8.320709565419381,2.078511184040481,oscilate,
2020,1,200,Laying hens.E. faecium.MDR,7.927913365722891,2.070389869334641,0.22449584438772857,7.927913365722891,12.42091267506319,5.0601603906765975,3.9639566828614456,6.210456337531595,2.5300801953382988,oscilate,
2021,2,200,Laying hens.E. faecium.MDR,7.556686950658133,2.022432860098912,0.2244958014069219,7.556686950658133,11.839299488853264,4.823217600332692,3.7783434753290663,5.919649744426632,2.411608800166346,oscilate,
2022,3,200,Laying hens.E. faecium.MDR,7.202843300122269,1.9744758508631826,0.3467738352704573,7.202843300122269,14.41145708883122,3.5999796055545024,3.6014216500611345,7.20572854441561,1.799989802777251,oscilate,
