Year,Year_simple,Sample_size,category,fit,fit_link,se_link,fit_resp,right_upr,right_lwr,Percent_resistance_predict,CI_upper,CI_lower,icon,signif_level
2019,0,200,Veal Calves.E. faecium.MDR,48.58212737374015,3.883255713758494,0.13026178074550995,48.58212737374015,63.040619667326666,37.43971922569144,24.291063686870075,31.520309833663333,18.71985961284572,oscilate,
2020,1,200,Veal Calves.E. faecium.MDR,46.89579462173356,3.847928004517919,0.0858097195900398,46.89579462173356,55.67590364345883,39.500311791745695,23.44789731086678,27.83795182172942,19.750155895872847,oscilate,
2021,2,200,Veal Calves.E. faecium.MDR,45.26799611481293,3.8126002952773446,0.08995526530144692,45.26799611481293,54.19078230886386,37.81439176447425,22.633998057406465,27.09539115443193,18.907195882237126,oscilate,
2022,3,200,Veal Calves.E. faecium.MDR,43.696700072569676,3.7772725860367697,0.13839818228932285,43.696700072569676,57.631480255175255,33.131226003181645,21.848350036284838,28.81574012758763,16.565613001590823,oscilate,
