Year,Year_simple,Sample_size,category,fit,fit_link,se_link,fit_resp,right_upr,right_lwr,Percent_resistance_predict,CI_upper,CI_lower,icon,signif_level
2019,0,200,Fattening turkeys.E. faecalis.MDR,29.10445657504497,3.370891309360418,0.2778476580345761,29.10445657504497,50.73350931083466,16.696447851435696,14.552228287522484,25.366754655417335,8.348223925717848,downward_arrow,*
2020,1,200,Fattening turkeys.E. faecalis.MDR,16.353399354947218,2.794435787350204,0.21466297841763823,16.353399354947218,25.122446872111222,10.645207921974745,8.176699677473609,12.56122343605561,5.322603960987372,downward_arrow,*
2021,2,200,Fattening turkeys.E. faecalis.MDR,9.18875326783094,2.2179802653399907,0.35365929809932656,9.18875326783094,18.639795935638563,4.529726983525652,4.59437663391547,9.319897967819282,2.264863491762826,downward_arrow,*
2022,3,200,Fattening turkeys.E. faecalis.MDR,5.1630358180870255,1.6415247433297768,0.5605206825463531,5.1630358180870255,15.840439123140126,1.6828409017972497,2.5815179090435127,7.920219561570063,0.8414204508986248,downward_arrow,*
