Year,Year_simple,Sample_size,category,fit,fit_link,se_link,fit_resp,right_upr,right_lwr,Percent_resistance_predict,CI_upper,CI_lower,icon,signif_level
2019,0,200,Pigs.E. faecium.MDR,30.207353461372417,3.4080853868398586,0.1659799084156923,30.207353461372417,42.09989319171589,21.674264088628142,15.103676730686209,21.049946595857946,10.837132044314071,oscilate,
2020,1,200,Pigs.E. faecium.MDR,26.817804821713295,3.2890660259472053,0.11078238660394435,26.817804821713295,33.4693735790614,21.488142099720697,13.40890241085665,16.7346867895307,10.744071049860349,oscilate,
2021,2,200,Pigs.E. faecium.MDR,23.808595359907226,3.170046665054552,0.1234746549560708,23.808595359907226,30.477721526804263,18.59880544263352,11.904297679953613,15.238860763402132,9.29940272131676,oscilate,
2022,3,200,Pigs.E. faecium.MDR,21.13704744964215,3.0510273041618987,0.19096881866484502,21.13704744964215,30.96832603951688,14.42682999133761,10.568523724821075,15.48416301975844,7.213414995668805,oscilate,
