Year,Year_simple,Sample_size,category,fit,fit_link,se_link,fit_resp,right_upr,right_lwr,Percent_resistance_predict,CI_upper,CI_lower,icon,signif_level
2019,0,200,Broilers.E. faecium.MDR,138.55643870547695,4.931277742300482,0.07834063337568216,138.55643870547695,162.0587638141572,118.46250245842917,69.27821935273847,81.0293819070786,59.231251229214585,equals,
2020,1,200,Broilers.E. faecium.MDR,131.9244321052573,4.882229274603727,0.05174145061843202,131.9244321052573,146.30773476572148,118.95513121136949,65.96221605262865,73.15386738286074,59.477565605684745,equals,
2021,2,200,Broilers.E. faecium.MDR,125.60986662835386,4.833180806906972,0.055702323193520496,125.60986662835386,140.41263119115644,112.36765852577068,62.80493331417693,70.20631559557822,56.18382926288534,equals,
2022,3,200,Broilers.E. faecium.MDR,119.59754794930112,4.784132339210216,0.08610440249412549,119.59754794930112,142.07301906425621,100.67762035109718,59.79877397465055,71.03650953212811,50.33881017554859,equals,
