Year,Year_simple,Sample_size,category,fit,fit_link,se_link,fit_resp,right_upr,right_lwr,Percent_resistance_predict,CI_upper,CI_lower,icon,signif_level
2019,0,200,Breeding hens.E. faecium.MDR,34.34349878033673,3.536412736718884,0.18724954770932417,34.34349878033673,49.944472191691425,23.615744780484512,17.171749390168365,24.972236095845712,11.807872390242256,equals,
2020,1,200,Breeding hens.E. faecium.MDR,33.54343148631877,3.512841061427639,0.12336731438827837,33.54343148631877,42.93020640655069,26.209093551100974,16.771715743159383,21.465103203275344,13.104546775550489,equals,
2021,2,200,Breeding hens.E. faecium.MDR,32.76200258668953,3.4892693861363933,0.11651207792535874,32.76200258668953,41.35914434435875,25.951910526810813,16.381001293344767,20.679572172179373,12.975955263405407,equals,
2022,3,200,Breeding hens.E. faecium.MDR,31.998777880791213,3.4656977108451485,0.17357736962712658,31.998777880791213,45.2794120975552,22.613407251360893,15.999388940395606,22.6397060487776,11.306703625680447,equals,
