Year,Year_simple,Sample_size,category,fit,fit_link,se_link,fit_resp,right_upr,right_lwr,Percent_resistance_predict,CI_upper,CI_lower,icon,signif_level
2019,0,200,Veal Calves.E. faecalis.MDR,127.24654510203679,4.846126504586898,0.10234845613842768,127.24654510203679,156.15098892210958,103.6924796453344,63.623272551018395,78.07549446105479,51.84623982266721,equals,
2020,1,200,Veal Calves.E. faecalis.MDR,121.24364369376762,4.797802105299267,0.06838162679107371,121.24364369376762,139.01270876029557,105.74587940365245,60.62182184688382,69.50635438014778,52.872939701826226,equals,
2021,2,200,Veal Calves.E. faecalis.MDR,115.52393131266224,4.7494777060116355,0.07592903048634898,115.52393131266224,134.46927939717696,99.24778927768155,57.761965656331114,67.23463969858848,49.623894638840774,equals,
2022,3,200,Veal Calves.E. faecalis.MDR,110.07404841478488,4.701153306724004,0.1172293429049627,110.07404841478488,139.15828030616197,87.06845261211447,55.037024207392435,69.57914015308098,43.534226306057235,equals,
