Year,Year_simple,Sample_size,category,fit,fit_link,se_link,fit_resp,right_upr,right_lwr,Percent_resistance_predict,CI_upper,CI_lower,icon,signif_level
2019,0,200,Broilers.E. faecalis.MDR,8.756966026549303,2.1698495009561434,0.33553128594474996,8.756966026549303,17.13138348339436,4.476255759756344,4.378483013274652,8.56569174169718,2.238127879878172,downward_arrow,*
2020,1,200,Broilers.E. faecalis.MDR,4.758982994976288,1.5600339888979367,0.2636970041876529,4.758982994976288,8.06414745920248,2.8084703635507786,2.379491497488144,4.03207372960124,1.4042351817753893,downward_arrow,*
2021,2,200,Broilers.E. faecalis.MDR,2.5862746387058837,0.9502184768397308,0.41227830784829783,2.5862746387058837,5.898954268270543,1.133898688245684,1.2931373193529418,2.9494771341352717,0.566949344122842,downward_arrow,*
2022,3,200,Broilers.E. faecalis.MDR,1.4055138490459285,0.3404029647815241,0.6433452596871108,1.4055138490459285,5.089061763272912,0.38817944677280236,0.7027569245229642,2.544530881636456,0.19408972338640118,downward_arrow,*
