Year,Year_simple,Sample_size,category,fit,fit_link,se_link,fit_resp,right_upr,right_lwr,Percent_resistance_predict,CI_upper,CI_lower,icon,signif_level
2017,0,200,Veal Calves.E. coli.ESBL producers,6.375194417064074,1.8524145873738367,0.3189102831054951,6.375194417064074,12.064112706265618,3.3689260739628653,3.187597208532037,6.032056353132809,1.6844630369814328,oscilate,
2018,1,200,Veal Calves.E. coli.ESBL producers,5.483782955446226,1.7017951831353417,0.23806708943080443,5.483782955446226,8.82800771216589,3.406416994969368,2.741891477723113,4.414003856082945,1.7032084974846837,oscilate,
2019,2,200,Veal Calves.E. coli.ESBL producers,4.717013087781463,1.5511757788968472,0.20412413401039403,4.717013087781463,7.095239363126032,3.135935425369297,2.3585065438907313,3.5476196815630163,1.5679677126846485,oscilate,
2020,3,200,Veal Calves.E. coli.ESBL producers,4.057456805106368,1.4005563746583523,0.23806708658851403,4.057456805106368,6.531852200325978,2.5204115494962336,2.028728402553184,3.2659261001629885,1.2602057747481168,oscilate,
2021,4,200,Veal Calves.E. coli.ESBL producers,3.4901229695436244,1.2499369704198573,0.31891027886194545,3.4901229695436244,6.604541563979447,1.8443306359020912,1.7450614847718122,3.3022707819897237,0.9221653179510456,oscilate,
2022,5,200,Veal Calves.E. coli.ESBL producers,3.0021165788397557,1.0993175661813632,0.4204166348120346,3.0021165788397557,6.959800678609516,1.2949658142717313,1.5010582894198778,3.4799003393047574,0.6474829071358656,oscilate,
