Year,Year_simple,Sample_size,category,fit,fit_link,se_link,fit_resp,right_upr,right_lwr,Percent_resistance_predict,CI_upper,CI_lower,icon,signif_level
2019,0,200,Laying hens.E. faecalis.MDR,1.3212263876528139,0.2785603868243127,1.0537361833737589,1.3212263876528139,10.87028319369773,0.1605881959397501,0.6606131938264069,5.435141596848865,0.08029409796987505,oscilate,
2020,1,200,Laying hens.E. faecalis.MDR,1.7809989044985899,0.5771743892026695,0.6819740873599514,1.7809989044985899,6.966566999598358,0.45531136038856007,0.8904994522492949,3.4832834997991795,0.22765568019428004,oscilate,
2021,2,200,Laying hens.E. faecalis.MDR,2.4007672927727612,0.8757883915810272,0.49999934041528704,2.4007672927727612,6.525953497459006,0.8831940951297987,1.2003836463863806,3.262976748729503,0.4415970475648994,oscilate,
2022,3,200,Laying hens.E. faecalis.MDR,3.236208388162998,1.174402393959384,0.6819765376513673,3.236208388162998,12.658835998747776,0.8273307855992883,1.6181041940814993,6.329417999373888,0.41366539279964415,oscilate,
