Year,Year_simple,Sample_size,category,fit,fit_link,se_link,fit_resp,right_upr,right_lwr,Percent_resistance_predict,CI_upper,CI_lower,icon,signif_level
2014,0,200,Poultry_meat.Campylobacter jejuni.Ciprofloxacin,117.03067659198284,4.762436093525024,0.04835132332641617,117.03067659198284,128.9131265853272,106.24348060095974,58.51533829599141,64.4565632926636,53.12174030047987,oscilate,
2015,1,200,Poultry_meat.Campylobacter jejuni.Ciprofloxacin,118.55322641463941,4.77536202778544,0.03746509829682832,118.55322641463941,127.77772415686945,109.99466132348665,59.276613207319706,63.88886207843473,54.99733066174333,oscilate,
2016,2,200,Poultry_meat.Campylobacter jejuni.Ciprofloxacin,120.09558435966156,4.788287962045855,0.03038539562998522,120.09558435966156,127.62021119412573,113.01461772970693,60.047792179830786,63.81010559706286,56.50730886485347,oscilate,
2017,3,200,Poultry_meat.Campylobacter jejuni.Ciprofloxacin,121.65800812745823,4.801213896306271,0.02994605982453762,121.65800812745823,129.16698387843815,114.58555814440885,60.82900406372912,64.58349193921907,57.292779072204425,oscilate,
2018,4,200,Poultry_meat.Campylobacter jejuni.Ciprofloxacin,123.24075877107796,4.8141398305666865,0.036388408658021745,123.24075877107796,132.54426271699666,114.59028335991022,61.62037938553898,66.27213135849833,57.29514167995511,oscilate,
2019,5,200,Poultry_meat.Campylobacter jejuni.Ciprofloxacin,124.84410073982653,4.827065764827102,0.04696085204226966,124.84410073982653,137.13796582506714,113.65233103586706,62.422050369913265,68.56898291253357,56.82616551793353,oscilate,
2020,6,200,Poultry_meat.Campylobacter jejuni.Ciprofloxacin,126.46830192345149,4.839991699087517,0.059501113591537404,126.46830192345149,142.4504081663696,112.27929492993395,63.234150961725746,71.2252040831848,56.13964746496698,oscilate,
2021,7,200,Poultry_meat.Campylobacter jejuni.Ciprofloxacin,128.11363369690224,4.852917633347933,0.07300204769014686,128.11363369690224,148.2532157034461,110.7099300419595,64.05681684845112,74.12660785172305,55.354965020979755,oscilate,
2022,8,200,Poultry_meat.Campylobacter jejuni.Ciprofloxacin,129.78037096567124,4.865843567608349,0.08701764746015753,129.78037096567124,154.45130405219618,109.05019411357793,64.89018548283562,77.22565202609809,54.525097056788965,oscilate,
