Year,Year_simple,Sample_size,category,fit,fit_link,se_link,fit_resp,right_upr,right_lwr,Percent_resistance_predict,CI_upper,CI_lower,icon,signif_level
2014,0,200,"Human.Salmonella Paratyphi B Var, L(+) Tartrate+,.Cipofloxacin",191.4049616771637,5.254391401761037,0.7834831271129644,191.4049616771637,917.2294471816487,39.94187001650102,95.70248083858185,458.6147235908244,19.97093500825051,downward_arrow,*
2015,1,200,"Human.Salmonella Paratyphi B Var, L(+) Tartrate+,.Cipofloxacin",137.75483191898806,4.925475524869643,0.6254456410033324,137.75483191898806,481.2403372102721,39.43225920552278,68.87741595949403,240.62016860513603,19.71612960276139,downward_arrow,*
2016,2,200,"Human.Salmonella Paratyphi B Var, L(+) Tartrate+,.Cipofloxacin",99.14264265017066,4.59655964797825,0.4731333731876542,99.14264265017066,255.39883812550036,38.485936990948424,49.57132132508533,127.69941906275018,19.242968495474212,downward_arrow,*
2017,3,200,"Human.Salmonella Paratyphi B Var, L(+) Tartrate+,.Cipofloxacin",71.35331265505016,4.267643771086856,0.33446169794504943,71.35331265505016,139.29126424036272,36.551432386052156,35.67665632752508,69.64563212018136,18.275716193026078,downward_arrow,*
2018,4,200,"Human.Salmonella Paratyphi B Var, L(+) Tartrate+,.Cipofloxacin",51.353232985872786,3.9387278941954627,0.2349692864081215,51.353232985872786,82.15982757849861,32.09785872033016,25.676616492936393,41.079913789249304,16.04892936016508,downward_arrow,*
2019,5,200,"Human.Salmonella Paratyphi B Var, L(+) Tartrate+,.Cipofloxacin",36.95910448965936,3.609812017304069,0.23214866640258136,36.95910448965936,58.79808874909606,23.23162935629535,18.47955224482968,29.399044374548026,11.615814678147675,downward_arrow,*
2020,6,200,"Human.Salmonella Paratyphi B Var, L(+) Tartrate+,.Cipofloxacin",26.59959899804821,3.280896140412675,0.3284995291691467,26.59959899804821,51.31048918146083,13.789357266790795,13.299799499024106,25.655244590730415,6.894678633395397,downward_arrow,*
2021,7,200,"Human.Salmonella Paratyphi B Var, L(+) Tartrate+,.Cipofloxacin",19.143826037639172,2.9519802635212815,0.4661194885549239,19.143826037639172,48.628960117674936,7.536374918825102,9.571913018819586,24.314480058837468,3.768187459412551,downward_arrow,*
2022,8,200,"Human.Salmonella Paratyphi B Var, L(+) Tartrate+,.Cipofloxacin",13.777879711129597,2.623064386629888,0.618028570659606,13.777879711129597,47.42367269374577,4.00285255341245,6.888939855564797,23.711836346872886,2.001426276706225,downward_arrow,*
