Year,Year_simple,Sample_size,category,fit,fit_link,se_link,fit_resp,right_upr,right_lwr,Percent_resistance_predict,CI_upper,CI_lower,icon,signif_level
2014,0,200,Human.Salmonella Derby.Cipofloxacin,1002.8238036135456,6.910575103151944,2.053058517226478,1002.8238036135456,60881.957023275056,16.51812179279122,501.4119018067728,30440.97851163753,8.25906089639561,downward_arrow,*
2015,1,200,Human.Salmonella Derby.Cipofloxacin,403.27249239064065,5.9996124932319175,1.6122156784890327,403.27249239064065,10137.978012503241,16.041532435598903,201.63624619532033,5068.989006251621,8.020766217799451,downward_arrow,*
2016,2,200,Human.Salmonella Derby.Cipofloxacin,162.17076472751046,5.088649883311892,1.1778699748249668,162.17076472751046,1710.241440768677,15.377569684245968,81.08538236375523,855.1207203843385,7.688784842122984,downward_arrow,*
2017,3,200,Human.Salmonella Derby.Cipofloxacin,65.21485454264503,4.177687273391867,0.7612254107957317,65.21485454264503,298.9086759056802,14.228349980581909,32.607427271322514,149.4543379528401,7.114174990290954,downward_arrow,*
2018,4,200,Human.Salmonella Derby.Cipofloxacin,26.22530183023102,3.266724663471841,0.41892569664170837,26.22530183023102,60.61704091453821,11.346090896392917,13.112650915115513,30.308520457269104,5.673045448196459,downward_arrow,*
2019,5,200,Human.Salmonella Derby.Cipofloxacin,10.546162540882122,2.355762053551816,0.41890514128021683,10.546162540882122,24.375349033689698,4.562869815114588,5.273081270441061,12.187674516844849,2.281434907557294,downward_arrow,*
2020,6,200,Human.Salmonella Derby.Cipofloxacin,4.241001497664192,1.4447994436317906,0.7611914741337448,4.241001497664192,19.43707630521202,0.9253497501765213,2.120500748832096,9.71853815260601,0.4626748750882607,downward_arrow,*
2021,7,200,Human.Salmonella Derby.Cipofloxacin,1.705463350623219,0.5338368337117645,1.1778334211659371,1.705463350623219,17.984381306787412,0.16172951355414447,0.8527316753116095,8.992190653393706,0.08086475677707224,downward_arrow,*
2022,8,200,Human.Salmonella Derby.Cipofloxacin,0.6858298073983107,-0.3771257762082607,1.612178290560835,0.6858298073983107,17.23997482406473,0.027283248932558755,0.34291490369915534,8.619987412032366,0.013641624466279378,downward_arrow,*
