Year,Year_simple,Sample_size,category,fit,fit_link,se_link,fit_resp,right_upr,right_lwr,Percent_resistance_predict,CI_upper,CI_lower,icon,signif_level
2014,0,200,Poultry.Campylobacter jejuni.Ciprofloxacin,117.96650153573539,4.77040069887223,0.04362065953414498,117.96650153573539,128.72032376420992,108.11109759226666,58.98325076786769,64.36016188210496,54.05554879613334,oscilate,
2015,1,200,Poultry.Campylobacter jejuni.Ciprofloxacin,119.09737357567649,4.779941423856777,0.03454278493295322,119.09737357567649,127.61615809378054,111.14724502363404,59.54868678783824,63.80807904689028,55.57362251181702,oscilate,
2016,2,200,Poultry.Campylobacter jejuni.Ciprofloxacin,120.23908658787727,4.789482148841325,0.028183348439506057,120.23908658787727,127.21121887509688,113.64907962781312,60.11954329393864,63.60560943754844,56.82453981390656,oscilate,
2017,3,200,Poultry.Campylobacter jejuni.Ciprofloxacin,121.39174449804761,4.799022873825872,0.026571664479457018,121.39174449804761,128.0174013574752,115.10900452611642,60.69587224902381,64.0087006787376,57.55450226305822,oscilate,
2018,4,200,Poultry.Campylobacter jejuni.Ciprofloxacin,122.55545222816905,4.808563598810419,0.0304706524833806,122.55545222816905,130.25641147226256,115.30978553059111,61.277726114084516,65.12820573613128,57.654892765295564,oscilate,
2019,5,200,Poultry.Campylobacter jejuni.Ciprofloxacin,123.73031570604523,4.818104323794966,0.038229871277901784,123.73031570604523,133.5617698520575,114.62255285831543,61.86515785302261,66.78088492602875,57.31127642915772,oscilate,
2020,6,200,Poultry.Campylobacter jejuni.Ciprofloxacin,124.91644187494467,4.827645048779513,0.048012920539109195,124.91644187494467,137.50645890497213,113.47915999698684,62.45822093747233,68.75322945248607,56.73957999849342,oscilate,
2021,7,200,Poultry.Campylobacter jejuni.Ciprofloxacin,126.11393870333463,4.837185773764061,0.058818475881924785,126.11393870333463,141.85745643810148,112.11765623478779,63.05696935166731,70.92872821905074,56.05882811739389,oscilate,
2022,8,200,Poultry.Campylobacter jejuni.Ciprofloxacin,127.32291519470955,4.846726498748608,0.07017578469143186,127.32291519470955,146.50771191526678,110.65031677687355,63.661457597354776,73.25385595763339,55.325158388436776,oscilate,
