Year,Year_simple,Sample_size,category,fit,fit_link,se_link,fit_resp,right_upr,right_lwr,Percent_resistance_predict,CI_upper,CI_lower,icon,signif_level
2014,0,200,Broiler_carcass.Campylobacter jejuni.Ciprofloxacin,121.37196089326771,4.798859887313602,0.1117597224497046,121.37196089326771,151.77199051318826,97.06107722028487,60.685980446633856,75.88599525659413,48.530538610142436,equals,
2015,1,200,Broiler_carcass.Campylobacter jejuni.Ciprofloxacin,121.5329577855718,4.800185483491359,0.09253003335329897,121.5329577855718,146.23947975097252,101.00049489550616,60.766478892785905,73.11973987548626,50.500247447753075,equals,
2016,2,200,Broiler_carcass.Campylobacter jejuni.Ciprofloxacin,121.69416823625576,4.801511079669115,0.07629014996812783,121.69416823625576,141.75374749393302,104.47322095204544,60.84708411812788,70.87687374696651,52.23661047602272,equals,
2017,3,200,Broiler_carcass.Campylobacter jejuni.Ciprofloxacin,121.85559252859939,4.802836675846871,0.06530984069361563,121.85559252859939,138.8586288904895,106.93455314330161,60.927796264299694,69.42931444524476,53.4672765716508,equals,
2018,4,200,Broiler_carcass.Campylobacter jejuni.Ciprofloxacin,122.01723094625855,4.8041622720246275,0.06242893560009389,122.01723094625855,138.24398664597575,107.69513386444277,61.00861547312928,69.12199332298788,53.84756693222138,equals,
2019,5,200,Broiler_carcass.Campylobacter jejuni.Ciprofloxacin,122.17908377326494,4.805487868202383,0.06867442834392647,122.17908377326494,140.16730220414644,106.49936380977802,61.08954188663247,70.08365110207322,53.249681904889016,equals,
2020,6,200,Broiler_carcass.Campylobacter jejuni.Ciprofloxacin,122.34115129402744,4.80681346438014,0.08198652703974424,122.34115129402744,144.1402117365304,103.83887410479527,61.17057564701373,72.0701058682652,51.91943705239763,equals,
2021,7,200,Broiler_carcass.Campylobacter jejuni.Ciprofloxacin,122.50343379333191,4.808139060557896,0.09957013871227427,122.50343379333191,149.49745032192186,100.3835935585629,61.251716896665954,74.74872516096093,50.19179677928145,equals,
2022,8,200,Broiler_carcass.Campylobacter jejuni.Ciprofloxacin,122.66593155634189,4.809464656735652,0.11955518738136613,122.66593155634189,155.8002957182991,96.57831967014589,61.332965778170944,77.90014785914956,48.289159835072944,equals,
