Year,Year_simple,Sample_size,category,fit,fit_link,se_link,fit_resp,right_upr,right_lwr,Percent_resistance_predict,CI_upper,CI_lower,icon,signif_level
2014,0,200,Human.Salmonella Typhimurium.Cipofloxacin,14.133772192981953,2.6485671244779505,0.23500412616370786,14.133772192981953,22.614140055546066,8.83356678221856,7.066886096490976,11.307070027773033,4.41678339110928,upward_arrow,*
2015,1,200,Human.Salmonella Typhimurium.Cipofloxacin,15.706343372388238,2.7540646672113613,0.19546238156293588,15.706343372388238,23.219430050442067,10.624258286937035,7.853171686194119,11.609715025221034,5.312129143468518,upward_arrow,*
2016,2,200,Human.Salmonella Typhimurium.Cipofloxacin,17.45388412683318,2.859562209944772,0.16113517531200258,17.45388412683318,24.090861086951943,12.645379092651734,8.72694206341659,12.045430543475971,6.322689546325868,upward_arrow,*
2017,3,200,Human.Salmonella Typhimurium.Cipofloxacin,19.395862161556543,2.9650597526781834,0.1360292088622628,19.395862161556543,25.46024383854965,14.775957032292554,9.697931080778272,12.730121919274826,7.387978516146278,upward_arrow,*
2018,4,200,Human.Salmonella Typhimurium.Cipofloxacin,21.553911224364136,3.0705572954115943,0.12579246968258742,21.553911224364136,27.71966903779022,16.75961889856696,10.776955612182068,13.85983451889511,8.37980944928348,upward_arrow,*
2019,5,200,Human.Salmonella Typhimurium.Cipofloxacin,23.952072106831668,3.176054838145005,0.13388033469589355,23.952072106831668,31.306179542640084,18.325511659110695,11.976036053415834,15.653089771320042,9.162755829555348,upward_arrow,*
2020,6,200,Human.Salmonella Typhimurium.Cipofloxacin,26.61706046011556,3.281552380878416,0.15749457588124277,26.61706046011556,36.47187926802368,19.425045315901468,13.30853023005778,18.23593963401184,9.712522657950734,upward_arrow,*
2021,7,200,Human.Salmonella Typhimurium.Cipofloxacin,29.578564408854486,3.387049923611827,0.19095951840646444,29.578564408854486,43.33536132173546,20.18885837811024,14.789282204427243,21.66768066086773,10.09442918905512,upward_arrow,*
2022,8,200,Human.Salmonella Typhimurium.Cipofloxacin,32.86957527859764,3.492547466345238,0.23001507066349666,32.86957527859764,52.06940851406035,20.749399884265113,16.43478763929882,26.03470425703017,10.374699942132557,upward_arrow,*
