Year,Year_simple,Sample_size,category,fit,fit_link,se_link,fit_resp,right_upr,right_lwr,Percent_resistance_predict,CI_upper,CI_lower,icon,signif_level
2014,0,200,Human.Salmonella Infantis.Cipofloxacin,44.7648384395063,3.8014229749989923,0.15387669766207646,44.7648384395063,60.89654071073654,32.90647936856944,22.38241921975315,30.44827035536827,16.45323968428472,upward_arrow,***
2015,1,200,Human.Salmonella Infantis.Cipofloxacin,51.21683027128013,3.936068194266057,0.1283731214811387,51.21683027128013,66.20886969183368,39.61952099841787,25.608415135640065,33.10443484591684,19.809760499208934,upward_arrow,***
2016,2,200,Human.Salmonella Infantis.Cipofloxacin,58.598752826550964,4.070713413533122,0.10532549097183003,58.598752826550964,72.33907180800257,47.468314798688716,29.29937641327548,36.169535904001286,23.734157399344358,upward_arrow,***
2017,3,200,Human.Salmonella Infantis.Cipofloxacin,67.04463776144168,4.205358632800188,0.08671470620560082,67.04463776144168,79.74133192893106,56.369555710068354,33.52231888072084,39.87066596446553,28.184777855034177,upward_arrow,***
2018,4,200,Human.Salmonella Infantis.Cipofloxacin,76.70783482146501,4.340003852067253,0.07587886392409314,76.70783482146501,89.27857878820802,65.90709667271649,38.35391741073251,44.63928939410401,32.953548336358246,upward_arrow,***
2019,5,200,Human.Salmonella Infantis.Cipofloxacin,87.76379617313982,4.474649071334317,0.07620986945743431,87.76379617313982,102.21401590040894,75.35643571841715,43.88189808656991,51.10700795020446,37.67821785920857,upward_arrow,***
2020,6,200,Human.Salmonella Infantis.Cipofloxacin,100.41326204354118,4.609294290601383,0.08758120180294443,100.41326204354118,119.63634630349397,84.278929487254,50.20663102177059,59.818173151746976,42.139464743627,upward_arrow,***
2021,7,200,Human.Salmonella Infantis.Cipofloxacin,114.88590550861694,4.743939509868448,0.10651370855433459,114.88590550861694,142.16195373688848,92.84320408935135,57.44295275430847,71.08097686844424,46.42160204467567,upward_arrow,***
2022,8,200,Human.Salmonella Infantis.Cipofloxacin,131.44450260774929,4.878584729135513,0.1297384052814283,131.44450260774929,170.3851631176253,101.40353156143641,65.72225130387464,85.19258155881265,50.7017657807182,upward_arrow,***
