Year,Year_simple,Sample_size,category,fit,fit_link,se_link,fit_resp,right_upr,right_lwr,Percent_resistance_predict,CI_upper,CI_lower,icon,signif_level
2014,0,200,Human.Salmonella Enteritidis.Cipofloxacin,39.35693822243377,3.672672280094144,0.20317160812698445,39.35693822243377,59.08726957271605,26.214929162333725,19.678469111216884,29.543634786358027,13.10746458116686,oscilate,
2015,1,200,Human.Salmonella Enteritidis.Cipofloxacin,39.927778919029855,3.687072295161142,0.16911936057344237,39.927778919029855,55.99772227840394,28.469506696734943,19.963889459514927,27.99886113920197,14.234753348367471,oscilate,
2016,2,200,Human.Salmonella Enteritidis.Cipofloxacin,40.50689920025849,3.70147231022814,0.1397784226462421,40.50689920025849,53.57213993001899,30.628025779132248,20.253449600129244,26.786069965009496,15.314012889566122,oscilate,
2017,3,200,Human.Salmonella Enteritidis.Cipofloxacin,41.094419154827584,3.715872325295138,0.11869562038680852,41.094419154827584,52.10513821517582,32.41045592660582,20.547209577413792,26.052569107587907,16.20522796330291,oscilate,
2018,4,200,Human.Salmonella Enteritidis.Cipofloxacin,41.69046061323509,3.730272340362136,0.11069456493154317,41.69046061323509,52.021727623536584,33.41093396055012,20.845230306617545,26.010863811768292,16.70546698027506,oscilate,
2019,5,200,Human.Salmonella Enteritidis.Cipofloxacin,42.29514717303222,3.7446723554291346,0.11845639137080909,42.29514717303222,53.601933391906805,33.373413255622474,21.14757358651611,26.800966695953406,16.686706627811237,oscilate,
2020,6,200,Human.Salmonella Enteritidis.Cipofloxacin,42.9086042244531,3.7590723704961326,0.13937194894469032,42.9086042244531,56.70238471900494,32.470385956688986,21.45430211222655,28.35119235950247,16.235192978344493,oscilate,
2021,7,200,Human.Salmonella Enteritidis.Cipofloxacin,43.53095897641627,3.7734723855631307,0.16861541208775915,43.53095897641627,60.989590967684606,31.069963896142106,21.765479488208136,30.494795483842303,15.534981948071053,oscilate,
2022,8,200,Human.Salmonella Enteritidis.Cipofloxacin,44.16234048290322,3.787872400630129,0.20261235840699526,44.16234048290322,66.22758827496699,29.448638667476008,22.08117024145161,33.113794137483495,14.724319333738004,oscilate,
