Year,Year_simple,Sample_size,category,fit,fit_link,se_link,fit_resp,right_upr,right_lwr,Percent_resistance_predict,CI_upper,CI_lower,icon,signif_level
2014,0,200,Broiler_carcass.Campylobacter jejuni.Erythromycin,0.042840873760733186,-3.150262637701778,1.7372053691040399,0.042840873760733186,1.382852093049776,0.0013272138602584554,0.021420436880366593,0.691426046524888,6.636069301292277e-4,upward_arrow,***
2015,1,200,Broiler_carcass.Campylobacter jejuni.Erythromycin,0.09562816856255237,-2.3472878520897336,1.5045417258811076,0.09562816856255237,1.9382695678093191,0.004717995254377103,0.04781408428127618,0.9691347839046596,0.0023589976271885514,upward_arrow,***
2016,2,200,Broiler_carcass.Campylobacter jejuni.Erythromycin,0.213458452638045,-1.544313066477689,1.273570480807598,0.213458452638045,2.7259797237144,0.016714911929184353,0.10672922631902249,1.3629898618572,0.008357455964592177,upward_arrow,***
2017,3,200,Broiler_carcass.Campylobacter jejuni.Erythromycin,0.47647583016110784,-0.7413382808656444,1.0454139794576536,0.47647583016110784,3.8554575039831946,0.05888515604002011,0.23823791508055392,1.927728751991597,0.029442578020010057,upward_arrow,***
2018,4,200,Broiler_carcass.Campylobacter jejuni.Erythromycin,1.0635756697472338,0.061636504746400256,0.8224181792131512,1.0635756697472338,5.50949442563952,0.20531706140114164,0.5317878348736169,2.75474721281976,0.10265853070057082,upward_arrow,***
2019,5,200,Broiler_carcass.Campylobacter jejuni.Erythromycin,2.374083077615487,0.8646112903584449,0.6102668176698277,2.374083077615487,8.045757434220306,0.7005270175618237,1.1870415388077435,4.022878717110153,0.35026350878091184,upward_arrow,***
2020,6,200,Broiler_carcass.Campylobacter jejuni.Erythromycin,5.2993600923192625,1.6675860759704895,0.42550225638795286,5.2993600923192625,12.411091998107299,2.262751528418993,2.6496800461596313,6.2055459990536495,1.1313757642094966,upward_arrow,***
2021,7,200,Broiler_carcass.Campylobacter jejuni.Erythromycin,11.829079467712905,2.470560861582534,0.319767737314783,11.829079467712905,22.423204463279685,6.240282082902653,5.9145397338564525,11.211602231639842,3.1201410414513266,upward_arrow,***
2022,8,200,Broiler_carcass.Campylobacter jejuni.Erythromycin,26.404531606801605,3.2735356471945787,0.3688133615494284,26.404531606801605,55.21100891661944,12.627903439104086,13.202265803400802,27.60550445830972,6.313951719552042,upward_arrow,***
