Year,Year_simple,Sample_size,category,fit,fit_link,se_link,fit_resp,right_upr,right_lwr,Percent_resistance_predict,CI_upper,CI_lower,icon,signif_level
2014,0,200,Poultry.Campylobacter jejuni.Erythromycin,1.314385573368113,0.2733693118499749,0.5747829315616456,1.314385573368113,4.14928145124572,0.41636352119703773,0.6571927866840565,2.07464072562286,0.2081817605985189,upward_arrow,*
2015,1,200,Poultry.Campylobacter jejuni.Erythromycin,1.728815331466608,0.5474363944420446,0.47860276343492925,1.728815331466608,4.502541077593171,0.6638034831459348,0.864407665733304,2.2512705387965855,0.3319017415729674,upward_arrow,*
2016,2,200,Poultry.Campylobacter jejuni.Erythromycin,2.273916049348588,0.8215034770341143,0.39373386164779506,2.273916049348588,4.997666983943785,1.034621597656906,1.136958024674294,2.4988334919718924,0.517310798828453,upward_arrow,*
2017,3,200,Poultry.Campylobacter jejuni.Erythromycin,2.990888676987049,1.095570559626184,0.329048118572652,2.990888676987049,5.775742368311091,1.548790529025121,1.4954443384935245,2.8878711841555456,0.7743952645125605,upward_arrow,*
2018,4,200,Poultry.Campylobacter jejuni.Erythromycin,3.9339249488528614,1.3696376422182541,0.29799251123459775,3.9339249488528614,7.13935663170666,2.1676694836166934,1.9669624744264307,3.56967831585333,1.0838347418083467,upward_arrow,*
2019,5,200,Poultry.Campylobacter jejuni.Erythromycin,5.1743034176707985,1.6437047248103238,0.31081661965729007,5.1743034176707985,9.634380125802231,2.77894535076696,2.5871517088353992,4.8171900629011155,1.38947267538348,upward_arrow,*
2020,6,200,Poultry.Campylobacter jejuni.Erythromycin,6.80577698004302,1.917771807402394,0.3628980121825552,6.80577698004302,14.063289656897915,3.293582186822458,3.40288849002151,7.031644828448957,1.6467910934112289,upward_arrow,*
2021,7,200,Poultry.Campylobacter jejuni.Erythromycin,8.951659105243134,2.1918388899944636,0.440526418418349,8.951659105243134,21.604286127442318,3.709088107044478,4.475829552621567,10.802143063721159,1.854544053522239,upward_arrow,*
2022,8,200,Poultry.Campylobacter jejuni.Erythromycin,11.77414437344313,2.4659059725865333,0.5326468297948739,11.77414437344313,34.16492838830608,4.057683778846519,5.887072186721565,17.08246419415304,2.0288418894232594,upward_arrow,*
