Year,Year_simple,Sample_size,category,fit,fit_link,se_link,fit_resp,right_upr,right_lwr,Percent_resistance_predict,CI_upper,CI_lower,icon,signif_level
2014,0,200,Poultry_meat.Campylobacter jejuni.Erythromycin,1.977676135311595,0.6819224863830105,0.31594717393361144,1.977676135311595,3.720346593535573,1.051300678000556,0.9888380676557975,1.8601732967677864,0.525650339000278,upward_arrow,*
2015,1,200,Poultry_meat.Campylobacter jejuni.Erythromycin,2.3860505151181006,0.8696394949177062,0.25318039231216555,2.3860505151181006,3.9590348845577266,1.4380365989958583,1.1930252575590503,1.9795174422788633,0.7190182994979292,upward_arrow,*
2016,2,200,Poultry_meat.Campylobacter jejuni.Erythromycin,2.8787509537290084,1.057356503452402,0.2027859416287653,2.8787509537290084,4.318587523804331,1.918962394050383,1.4393754768645042,2.1592937619021657,0.9594811970251915,upward_arrow,*
2017,3,200,Poultry_meat.Campylobacter jejuni.Erythromycin,3.4731901110591066,1.2450735119870977,0.17575010079486336,3.4731901110591066,4.936090956380393,2.4438466904597997,1.7365950555295533,2.4680454781901964,1.2219233452298999,upward_arrow,*
2018,4,200,Poultry_meat.Campylobacter jejuni.Erythromycin,4.190376222692284,1.4327905205217935,0.18275171811165256,4.190376222692284,6.039335303159529,2.907481039928116,2.095188111346142,3.0196676515797645,1.453740519964058,upward_arrow,*
2019,5,200,Poultry_meat.Campylobacter jejuni.Erythromycin,5.055655557636714,1.6205075290564892,0.2205729261544441,5.055655557636714,7.858952920654861,3.2522975230309927,2.527827778818357,3.929476460327431,1.6261487615154964,upward_arrow,*
2020,6,200,Poultry_meat.Campylobacter jejuni.Erythromycin,6.099608187696595,1.8082245375911845,0.2768587614075514,6.099608187696595,10.611539705258899,3.5061094880488515,3.0498040938482975,5.3057698526294494,1.7530547440244257,upward_arrow,*
2021,7,200,Poultry_meat.Campylobacter jejuni.Erythromycin,7.359128726088904,1.9959415461258803,0.3426270049487193,7.359128726088904,14.602541019808815,3.7087227170724257,3.679564363044452,7.301270509904407,1.8543613585362126,upward_arrow,*
2022,8,200,Poultry_meat.Campylobacter jejuni.Erythromycin,8.878730229981905,2.183658554660576,0.41337620638874784,8.878730229981905,20.295739099460505,3.8841576604071544,4.439365114990952,10.147869549730252,1.9420788302035772,upward_arrow,*
