Year,Year_simple,Sample_size,category,fit,fit_link,se_link,fit_resp,right_upr,right_lwr,Percent_resistant_predict,CI_upper,CI_lower,icon,signif_level
2014,0,200,A. pleuropneumoniae_TMPSMX_Swine_inner_organs,9.261659252170203,2.2258832175059813,0.26016633550965673,9.261659252170203,15.583550277574956,5.504415269654352,4.630829626085101,7.791775138787478,2.752207634827176,oscilate,
2015,1,200,A. pleuropneumoniae_TMPSMX_Swine_inner_organs,9.064453245447474,2.20436052748956,0.21665893441352618,9.064453245447474,13.980708237902395,5.876977849816772,4.532226622723737,6.990354118951197,2.938488924908386,oscilate,
2016,2,200,A. pleuropneumoniae_TMPSMX_Swine_inner_organs,8.871446292914566,2.1828378374731385,0.1764600523419602,8.871446292914566,12.625996997684334,6.233373835151554,4.435723146457283,6.312998498842166,3.116686917575777,oscilate,
2017,3,200,A. pleuropneumoniae_TMPSMX_Swine_inner_organs,8.682548985245765,2.1613151474567176,0.14239975690460766,8.682548985245765,11.54340942169331,6.5307097866181145,4.341274492622882,5.771704710846655,3.2653548933090573,oscilate,
2018,4,200,A. pleuropneumoniae_TMPSMX_Swine_inner_organs,8.49767381688394,2.1397924574402962,0.11983203220798984,8.49767381688394,10.799032230804546,6.686752919597045,4.24883690844197,5.399516115402273,3.343376459798522,oscilate,
2019,5,200,A. pleuropneumoniae_TMPSMX_Swine_inner_organs,8.316735145504156,2.118269767423875,0.11569021394371871,8.316735145504156,10.48190246472407,6.59881006460833,4.158367572752078,5.240951232362035,3.299405032304165,oscilate,
2020,6,200,A. pleuropneumoniae_TMPSMX_Swine_inner_organs,8.139649152340336,2.0967470774074535,0.131724028727607,8.139649152340336,10.593018317943168,6.2544863356810625,4.069824576170168,5.296509158971584,3.1272431678405312,oscilate,
2021,7,200,A. pleuropneumoniae_TMPSMX_Swine_inner_organs,7.966333803356734,2.075224387391032,0.1620515299796975,7.966333803356734,11.0157652066418,5.7610590890445215,3.9831669016783673,5.5078826033209,2.8805295445222607,oscilate,
2022,8,200,A. pleuropneumoniae_TMPSMX_Swine_inner_organs,7.796708811246155,2.053701697374611,0.2002814556466262,7.796708811246155,11.637872011023523,5.223349099370033,3.8983544056230777,5.818936005511762,2.6116745496850164,oscilate,
