Year,Year_simple,Sample_size,category,fit,fit_link,se_link,fit_resp,right_upr,right_lwr,Percent_resistant_predict,CI_upper,CI_lower,icon,signif_level
2018,0,200,A. pleuropneumoniae_benzylpenicilline_Swine_inner_organs,112.0661757574218,4.719089551786,0.16085627798025506,112.0661757574218,154.59396632605012,81.23750264875058,56.033087878710894,77.29698316302506,40.61875132437529,upward_arrow,*
2019,1,200,A. pleuropneumoniae_benzylpenicilline_Swine_inner_organs,128.95781993325284,4.859485373631346,0.11345368952077939,128.95781993325284,161.80513691579253,102.77868576318437,64.47890996662642,80.90256845789627,51.389342881592185,upward_arrow,*
2020,2,200,A. pleuropneumoniae_benzylpenicilline_Swine_inner_organs,148.39552799530503,4.999881195476691,0.09132425449770969,148.39552799530503,178.1328650067703,123.62251473454043,74.19776399765252,89.06643250338514,61.81125736727021,upward_arrow,*
2021,3,200,A. pleuropneumoniae_benzylpenicilline_Swine_inner_organs,170.76306609714163,5.140277017322036,0.11081462695292625,170.76306609714163,213.13084464753067,136.81747844203744,85.38153304857082,106.56542232376533,68.40873922101872,upward_arrow,*
2022,4,200,A. pleuropneumoniae_benzylpenicilline_Swine_inner_organs,196.5020451547526,5.280672839167381,0.15713378353281862,196.5020451547526,269.0616152192809,143.51007934941376,98.2510225773763,134.53080760964045,71.75503967470688,upward_arrow,*
