Year,Year_simple,Sample_size,category,fit,fit_link,se_link,fit_resp,right_upr,right_lwr,Percent_resistant_predict,CI_upper,CI_lower,icon,signif_level
2014,0,200,P. multocida_TMPSMX_pulmonary,10.984689265007226,2.396502418227309,0.2648890675904388,10.984689265007226,18.658103456460413,6.46707734954621,5.492344632503613,9.329051728230207,3.233538674773105,downward_arrow,*
2015,1,200,P. multocida_TMPSMX_pulmonary,9.624048541735851,2.2642650224809224,0.21831073960919678,9.624048541735851,14.892928480941379,6.219214068758714,4.8120242708679255,7.446464240470689,3.109607034379357,downward_arrow,*
2016,2,200,P. multocida_TMPSMX_pulmonary,8.43194632994719,2.1320276267345357,0.1776219467431484,8.43194632994719,12.028412027334221,5.910815056014239,4.215973164973595,6.014206013667111,2.9554075280071195,downward_arrow,*
2017,3,200,P. multocida_TMPSMX_pulmonary,7.387506266493358,1.999790230988149,0.14777059564495912,7.387506266493358,9.927725736590922,5.497255895811966,3.693753133246679,4.963862868295461,2.748627947905983,downward_arrow,*
2018,4,200,P. multocida_TMPSMX_pulmonary,6.472437881114983,1.8675528352417623,0.1360858477066408,6.472437881114983,8.497096616823333,4.930207812625043,3.2362189405574915,4.248548308411666,2.4651039063125215,downward_arrow,*
2019,5,200,P. multocida_TMPSMX_pulmonary,5.670716289595431,1.7353154394953756,0.14696660502009598,5.670716289595431,7.60836766010056,4.22653382087715,2.8353581447977154,3.8041838300502806,2.113266910438575,downward_arrow,*
2020,6,200,P. multocida_TMPSMX_pulmonary,4.968301562369477,1.6030780437489884,0.17628279573616823,4.968301562369477,7.068467074271211,3.492132050029816,2.4841507811847383,3.5342335371356053,1.746066025014908,downward_arrow,*
2021,7,200,P. multocida_TMPSMX_pulmonary,4.352892854106097,1.4708406480026017,0.2166764435519357,4.352892854106097,6.7139908457937425,2.8221182653530845,2.1764464270530484,3.3569954228968713,1.4110591326765423,downward_arrow,*
2022,8,200,P. multocida_TMPSMX_pulmonary,3.8137129885270937,1.338603252256215,0.26309381282044547,3.8137129885270937,6.4545859482584245,2.253344656876809,1.9068564942635469,3.2272929741292122,1.1266723284384046,downward_arrow,*
