Year,Year_simple,Sample_size,category,fit,fit_link,se_link,fit_resp,right_upr,right_lwr,Percent_resistant_predict,CI_upper,CI_lower,icon,signif_level
2014,0,200,M. haemolytica_DOXYCYCLINE_pulmonary,6.907971634864327,1.9326760541475028,0.38872822785853284,6.907971634864327,15.031267174092774,3.1747205046250744,3.453985817432163,7.515633587046387,1.5873602523125374,upward_arrow,***
2015,1,200,M. haemolytica_DOXYCYCLINE_pulmonary,9.405926632229464,2.2413399833892527,0.3247924545902726,9.405926632229464,18.009959178254878,4.912362928490334,4.702963316114732,9.004979589127439,2.456181464245167,upward_arrow,***
2016,2,200,M. haemolytica_DOXYCYCLINE_pulmonary,12.807153892232375,2.5500039126310026,0.26576781417434414,12.807153892232375,21.79192614731148,7.526787201394716,6.403576946116188,10.89596307365574,3.7633936006973583,upward_arrow,***
2017,3,200,M. haemolytica_DOXYCYCLINE_pulmonary,17.438280908687553,2.8586678418727525,0.21572392683876945,17.438280908687553,26.8459694354396,11.32734810644834,8.719140454343776,13.4229847177198,5.66367405322417,upward_arrow,***
2018,4,200,M. haemolytica_DOXYCYCLINE_pulmonary,23.74404521169466,3.1673317711145024,0.18221685772168392,23.74404521169466,34.18426623341748,16.492373396737317,11.87202260584733,17.09213311670874,8.246186698368659,upward_arrow,***
2019,5,200,M. haemolytica_DOXYCYCLINE_pulmonary,32.33000351164957,3.4759957003562523,0.1750172646703337,32.33000351164957,45.88004300957235,22.781781761738937,16.165001755824786,22.940021504786174,11.390890880869469,upward_arrow,***
2020,6,200,M. haemolytica_DOXYCYCLINE_pulmonary,44.020684670380696,3.784659629598002,0.1970304334231199,44.020684670380696,65.28227085576268,29.683720456517076,22.010342335190348,32.64113542788134,14.841860228258538,upward_arrow,***
2021,7,200,M. haemolytica_DOXYCYCLINE_pulmonary,59.938771059855576,4.093323558839752,0.24035979182179149,59.938771059855576,96.93524153248084,37.06243693592037,29.969385529927788,48.46762076624042,18.531218467960183,upward_arrow,***
2022,8,200,M. haemolytica_DOXYCYCLINE_pulmonary,81.61291227219597,4.401987488081502,0.2957812644874976,81.61291227219597,147.45897729397817,45.169630033919674,40.806456136097985,73.72948864698908,22.584815016959837,upward_arrow,***
