Year,Year_simple,Sample_size,category,fit,fit_link,se_link,fit_resp,right_upr,right_lwr,Percent_resistant_predict,CI_upper,CI_lower,icon,signif_level
2014,0,200,E. coli_TETRACYCLINE_poultry_inner_organs,91.98502216874088,4.521625761281586,0.05336800909868925,91.98502216874088,102.34626095378906,82.67272516388395,45.99251108437044,51.17313047689452,41.33636258194198,upward_arrow,***
2015,1,200,E. coli_TETRACYCLINE_poultry_inner_organs,95.73444237678424,4.56157813315457,0.04447014041130437,95.73444237678424,104.6392179516363,87.58746134197865,47.86722118839212,52.31960897581814,43.793730670989326,upward_arrow,***
2016,2,200,E. coli_TETRACYCLINE_poultry_inner_organs,99.63669346495388,4.6015305050275535,0.036372526389932255,99.63669346495388,107.15491142794014,92.64596976784624,49.81834673247694,53.57745571397007,46.32298488392312,upward_arrow,***
2017,3,200,E. coli_TETRACYCLINE_poultry_inner_organs,103.6980050038565,4.641482876900537,0.029736278491320243,103.6980050038565,110.05226990488266,97.71062651478086,51.84900250192824,55.02613495244133,48.85531325739043,upward_arrow,***
2018,4,200,E. coli_TETRACYCLINE_poultry_inner_organs,107.92486048889403,4.6814352487735205,0.025718672900875667,107.92486048889403,113.62148246051875,102.51384913583234,53.96243024444701,56.810741230259374,51.25692456791617,upward_arrow,***
2019,5,200,E. coli_TETRACYCLINE_poultry_inner_organs,112.32400769054392,4.721387620646504,0.025584610761021215,112.32400769054392,118.22112862481136,106.72104767080931,56.162003845271954,59.11056431240568,53.36052383540466,upward_arrow,***
2020,6,200,E. coli_TETRACYCLINE_poultry_inner_organs,116.90246942652927,4.7613399925194875,0.029387289336472215,116.90246942652927,123.97929442174309,110.22959456062108,58.45123471326463,61.989647210871546,55.11479728031055,upward_arrow,***
2021,7,200,E. coli_TETRACYCLINE_poultry_inner_organs,121.66755477307554,4.801292364392471,0.035896678621286794,121.66755477307554,130.72367204478715,113.2388162978446,60.83377738653777,65.36183602239358,56.619408148922304,upward_arrow,***
2022,8,200,E. coli_TETRACYCLINE_poultry_inner_organs,126.62687073315165,4.8412447362654545,0.043925489095469485,126.62687073315165,138.25443430907129,115.97721600614321,63.313435366575824,69.12721715453564,57.988608003071604,upward_arrow,***
