Year,Year_simple,Sample_size,category,fit,fit_link,se_link,fit_resp,right_upr,right_lwr,Percent_resistant_predict,CI_upper,CI_lower,icon,signif_level
2014,0,200,M. haemolytica_TMP-SMX_pulmonary,23.165321244964293,3.1426563864592376,0.18017180334549476,23.165321244964293,33.21494725571872,16.15634383673454,11.582660622482146,16.60747362785936,8.07817191836727,oscilate,
2015,1,200,M. haemolytica_TMP-SMX_pulmonary,21.51808709768234,3.0688938418297744,0.14791468608832253,21.51808709768234,28.92549002045488,16.00761376958556,10.75904354884117,14.46274501022744,8.00380688479278,oscilate,
2016,2,200,M. haemolytica_TMP-SMX_pulmonary,19.98798408392878,2.9951312972003117,0.12002134171159112,19.98798408392878,25.410792379789456,15.722434065344185,9.99399204196439,12.705396189894728,7.8612170326720925,oscilate,
2017,3,200,M. haemolytica_TMP-SMX_pulmonary,18.56668327095029,2.9213687525708485,0.10020470566644173,18.56668327095029,22.686684441656134,15.194892341819013,9.283341635475145,11.343342220828067,7.597446170909507,oscilate,
2018,4,200,M. haemolytica_TMP-SMX_pulmonary,17.24644797776065,2.8476062079413857,0.0937354579385522,17.24644797776065,20.80258221218419,14.298223403986455,8.623223988880325,10.401291106092096,7.1491117019932275,oscilate,
2019,5,200,M. haemolytica_TMP-SMX_pulmonary,16.02009166144301,2.7738436633119226,0.1031561029605429,16.02009166144301,19.690885608814746,13.033610673465493,8.010045830721506,9.845442804407373,6.516805336732746,oscilate,
2020,6,200,M. haemolytica_TMP-SMX_pulmonary,14.880938798063136,2.7000811186824594,0.12492205388507802,14.880938798063136,19.10452516170538,11.591093609360012,7.440469399031569,9.55226258085269,5.795546804680006,oscilate,
2021,7,200,M. haemolytica_TMP-SMX_pulmonary,13.822788545253204,2.6263185740529966,0.15388096042568333,13.822788545253204,18.8042046213989,10.160997873281437,6.911394272626602,9.40210231069945,5.080498936640718,oscilate,
2022,8,200,M. haemolytica_TMP-SMX_pulmonary,12.839880988668012,2.5525560294235334,0.1867154864546572,12.839880988668012,18.652627153953556,8.838569625738456,6.419940494334006,9.326313576976778,4.419284812869228,oscilate,
