Year,Year_simple,Sample_size,category,fit,fit_link,se_link,fit_resp,right_upr,right_lwr,Percent_resistant_predict,CI_upper,CI_lower,icon,signif_level
2014,0,200,M. haemolytica_FLORPHENICOL_pulmonary,3.16765780221211,1.1529924511394247,0.4240225048571608,3.16765780221211,7.3967259332679305,1.3565537026031367,1.5838289011060551,3.6983629666339652,0.6782768513015683,oscilate,
2015,1,200,M. haemolytica_FLORPHENICOL_pulmonary,3.3466143982339585,1.2079492074159282,0.3532479689889171,3.3466143982339585,6.783174077278169,1.6511190488215963,1.673307199116979,3.3915870386390843,0.8255595244107982,oscilate,
2016,2,200,M. haemolytica_FLORPHENICOL_pulmonary,3.535681134068688,1.2629059636924316,0.2882606614672438,3.535681134068688,6.292933181797534,1.986520549426588,1.7678405670343442,3.1464665908987675,0.9932602747132941,oscilate,
2017,3,200,M. haemolytica_FLORPHENICOL_pulmonary,3.7354291813261105,1.3178627199689354,0.23393445383174116,3.7354291813261105,5.963941736357874,2.339632374950713,1.867714590663055,2.981970868178937,1.1698161874753565,oscilate,
2018,4,200,M. haemolytica_FLORPHENICOL_pulmonary,3.946461979914384,1.3728194762454389,0.19919208522142948,3.946461979914384,5.8779240490397555,2.649670534864106,1.973230989957192,2.9389620245198778,1.324835267432053,oscilate,
2019,5,200,M. haemolytica_FLORPHENICOL_pulmonary,4.16941706103518,1.4277762325219423,0.19480935122691487,4.16941706103518,6.155801281366137,2.8240090662889714,2.08470853051759,3.0779006406830685,1.4120045331444857,oscilate,
2020,6,200,M. haemolytica_FLORPHENICOL_pulmonary,4.404967973168813,1.4827329887984462,0.22258687791809698,4.404967973168813,6.8751038207226856,2.822319975177235,2.2024839865844066,3.4375519103613432,1.4111599875886176,oscilate,
2021,7,200,M. haemolytica_FLORPHENICOL_pulmonary,4.653826316867761,1.5376897450749496,0.27287394800985343,4.653826316867761,8.032032755729706,2.6964655207762935,2.3269131584338805,4.016016377864853,1.3482327603881468,oscilate,
2022,8,200,M. haemolytica_FLORPHENICOL_pulmonary,4.916743894505708,1.592646501351453,0.3357029984509025,4.916743894505708,9.622003415579641,2.512405107341449,2.458371947252854,4.811001707789821,1.2562025536707244,oscilate,
