Year,Year_simple,Sample_size,category,fit,fit_link,se_link,fit_resp,right_upr,right_lwr,Percent_resistant_predict,CI_upper,CI_lower,icon,signif_level
2014,0,200,E. coli_Colistin_cattle_feaces,5.834553172424771,1.7637976856726256,0.24435731930239982,5.834553172424771,9.511602072747364,3.5789986231014765,2.9172765862123855,4.755801036373682,1.7894993115507383,oscilate,
2015,1,200,E. coli_Colistin_cattle_feaces,6.440033385234769,1.8625337241454911,0.202936175995601,6.440033385234769,9.663984875312913,4.29160750332771,3.220016692617385,4.8319924376564565,2.145803751663855,oscilate,
2016,2,200,E. coli_Colistin_cattle_feaces,7.108347250814801,1.9612697626183566,0.1668267882840737,7.108347250814801,9.923675226108776,5.091722520828543,3.5541736254074,4.961837613054388,2.5458612604142714,oscilate,
2017,3,200,E. coli_Colistin_cattle_feaces,7.8460153256370635,2.060005801091222,0.14019542353814485,7.8460153256370635,10.385355077937717,5.9275735907102,3.9230076628185317,5.192677538968859,2.9637867953551,oscilate,
2018,4,200,E. coli_Colistin_cattle_feaces,8.66023483631519,2.158741839564087,0.12904971911360183,8.66023483631519,11.210392813210145,6.690190849668423,4.330117418157595,5.605196406605073,3.3450954248342115,oscilate,
2019,5,200,E. coli_Colistin_cattle_feaces,9.558949900985258,2.2574778780369527,0.13721660597740457,9.558949900985258,12.577519955583297,7.264828323248603,4.779474950492629,6.288759977791648,3.6324141616243013,oscilate,
2020,6,200,E. coli_Colistin_cattle_feaces,10.550929037904039,2.356213916509818,0.1617975823027529,10.550929037904039,14.582308991932402,7.634051892911822,5.2754645189520195,7.291154495966201,3.817025946455911,oscilate,
2021,7,200,E. coli_Colistin_cattle_feaces,11.645850717494866,2.4549499549826836,0.19673335266922323,11.645850717494866,17.26043106811541,7.857615977199582,5.822925358747433,8.630215534057704,3.928807988599791,oscilate,
2022,8,200,E. coli_Colistin_cattle_feaces,12.854397792549076,2.5536859934555487,0.23749749513695695,12.854397792549076,20.669950599498726,7.993997944682931,6.427198896274539,10.334975299749363,3.996998972341466,oscilate,
