Year,Year_simple,Sample_size,category,fit,fit_link,se_link,fit_resp,right_upr,right_lwr,Percent_resistant_predict,CI_upper,CI_lower,icon,signif_level
2014,0,200,S. suis_TMPSMX_Swine_inner_organs,81.75398189341165,4.403714516767447,0.2007856153266469,81.75398189341165,122.15439133686368,54.71529498269681,40.876990946705824,61.07719566843184,27.35764749134841,oscilate,
2015,1,200,S. suis_TMPSMX_Swine_inner_organs,77.7211542351823,4.35312747559791,0.16680910321075884,77.7211542351823,108.49951273181627,55.67377828303982,38.86057711759115,54.249756365908134,27.83688914151991,oscilate,
2016,2,200,S. suis_TMPSMX_Swine_inner_organs,73.88726121651807,4.302540434428373,0.1373138890463218,73.88726121651807,97.23864478267143,56.14359786975212,36.943630608259035,48.619322391335714,28.071798934876057,oscilate,
2017,3,200,S. suis_TMPSMX_Swine_inner_organs,70.24248962590268,4.251953393258836,0.1157771348550489,70.24248962590268,88.54471361123865,55.72334188699427,35.12124481295134,44.272356805619324,27.861670943497135,oscilate,
2018,4,200,S. suis_TMPSMX_Swine_inner_organs,66.77751032598857,4.201366352089299,0.10711208804160899,66.77751032598857,82.73068128190847,53.90063053079989,33.388755162994286,41.36534064095424,26.950315265399944,oscilate,
2019,5,200,S. suis_TMPSMX_Swine_inner_organs,63.483454374787925,4.150779310919762,0.11428502733601295,63.483454374787925,79.78610492852584,50.51191536378515,31.741727187393963,39.89305246426292,25.25595768189258,oscilate,
2020,6,200,S. suis_TMPSMX_Swine_inner_organs,60.351890324777806,4.100192269750225,0.13479076066601772,60.351890324777806,79.02575334738108,46.09067944930535,30.1759451623889,39.51287667369054,23.045339724652674,oscilate,
2021,7,200,S. suis_TMPSMX_Swine_inner_organs,57.37480264181323,4.049605228580688,0.16369314117526346,57.37480264181323,79.59820249953344,41.35605924274878,28.687401320906613,39.79910124976672,20.67802962137439,oscilate,
2022,8,200,S. suis_TMPSMX_Swine_inner_organs,54.54457118860983,3.999018187411151,0.19733664990035787,54.54457118860983,80.93865217925223,36.757595611555836,27.27228559430491,40.469326089626115,18.378797805777918,oscilate,
