Year,Year_simple,Sample_size,category,fit,fit_link,se_link,fit_resp,right_upr,right_lwr,Percent_resistant_predict,CI_upper,CI_lower,icon,signif_level
2014,0,200,E. coli_AMPRAMYCIN_Swine_feaces,2.780208348935293,1.0225258705544373,0.25926441511462606,2.780208348935293,4.6695126133453995,1.6553244639276787,1.3901041744676466,2.3347563066726997,0.8276622319638393,oscilate,
2015,1,200,E. coli_AMPRAMYCIN_Swine_feaces,3.005968875434517,1.100599937130311,0.21326263241131263,3.005968875434517,4.6049195616938325,1.9622164424425668,1.5029844377172585,2.3024597808469163,0.9811082212212835,oscilate,
2016,2,200,E. coli_AMPRAMYCIN_Swine_feaces,3.250061774521831,1.1786740037061838,0.1735604395520547,3.250061774521831,4.598797622020207,2.2968833174197854,1.6250308872609156,2.2993988110101036,1.1484416587098927,oscilate,
2017,3,200,E. coli_AMPRAMYCIN_Swine_feaces,3.513975685021396,1.2567480702820575,0.1454127378472343,3.513975685021396,4.700051875410693,2.6272103887880203,1.7569878425106977,2.3500259377053463,1.3136051943940101,oscilate,
2018,4,200,E. coli_AMPRAMYCIN_Swine_feaces,3.7993201273038246,1.3348221368579303,0.13618320320502386,3.7993201273038246,4.988765793844627,2.893467848810687,1.8996600636519125,2.4943828969223136,1.4467339244053434,oscilate,
2019,5,200,E. coli_AMPRAMYCIN_Swine_feaces,4.1078353191985935,1.412896203433804,0.14941963625427357,4.1078353191985935,5.538565188348634,3.046693581426749,2.0539176595992967,2.769282594174317,1.5233467907133744,oscilate,
2020,6,200,E. coli_AMPRAMYCIN_Swine_feaces,4.441402788985356,1.4909702700096772,0.18023859996616795,4.441402788985356,6.36903183586225,3.097183252081571,2.220701394492678,3.184515917931125,1.5485916260407855,oscilate,
2021,7,200,E. coli_AMPRAMYCIN_Swine_feaces,4.802056850189238,1.5690443365855504,0.22141598969675944,4.802056850189238,7.47733403466984,3.083953436549605,2.401028425094619,3.73866701733492,1.5419767182748025,oscilate,
2022,8,200,E. coli_AMPRAMYCIN_Swine_feaces,5.191997008160886,1.6471184031614237,0.26822283725524365,5.191997008160886,8.877891433910696,3.0364003810392575,2.595998504080443,4.438945716955348,1.5182001905196287,oscilate,
