Year,Year_simple,Sample_size,category,fit,fit_link,se_link,fit_resp,right_upr,right_lwr,Percent_resistant_predict,CI_upper,CI_lower,icon,signif_level
2014,0,200,P. multocida_TMPSMX_Swine_inner_organs,51.01054296494933,3.932032336162626,0.10565309730122596,51.01054296494933,63.012840984013266,41.29436878173933,25.50527148247467,31.506420492006633,20.647184390869665,downward_arrow,***
2015,1,200,P. multocida_TMPSMX_Swine_inner_organs,45.23306968982602,3.81182844963309,0.08585553131635973,45.23306968982602,53.70679405707977,38.09630847430827,22.61653484491301,26.85339702853988,19.048154237154137,downward_arrow,***
2016,2,200,P. multocida_TMPSMX_Swine_inner_organs,40.10995521005408,3.691624563103554,0.07005788509501973,40.10995521005408,46.14277219976088,34.865883219753364,20.05497760502704,23.07138609988044,17.432941609876682,downward_arrow,***
2017,3,200,P. multocida_TMPSMX_Swine_inner_organs,35.56708660244661,3.571420676574018,0.06142786003484096,35.56708660244661,40.21646129035733,31.455220295308514,17.783543301223304,20.108230645178665,15.727610147654259,downward_arrow,***
2018,4,200,P. multocida_TMPSMX_Swine_inner_organs,31.538745001361754,3.451216790044482,0.06298409665172228,31.538745001361754,35.77269823561708,27.805910242201293,15.769372500680879,17.88634911780854,13.902955121100646,downward_arrow,***
2019,5,200,P. multocida_TMPSMX_Swine_inner_organs,27.966654884589214,3.331012903514946,0.07408745232296382,27.966654884589214,32.43336925771403,24.11509514225671,13.983327442294607,16.216684628857013,12.057547571128355,downward_arrow,***
2020,6,200,P. multocida_TMPSMX_Swine_inner_organs,24.799141037474616,3.2108090169854098,0.09131946380964925,24.799141037474616,29.768415372483556,20.659393135350786,12.399570518737308,14.88420768624178,10.329696567675393,downward_arrow,***
2021,7,200,P. multocida_TMPSMX_Swine_inner_organs,21.990380999604163,3.0906051304558737,0.11188332345509183,21.990380999604163,27.505109223634545,17.581346526420067,10.995190499802082,13.752554611817272,8.790673263210033,downward_arrow,***
2022,8,200,P. multocida_TMPSMX_Swine_inner_organs,19.49974217965882,2.9704012439263376,0.13425666233871608,19.49974217965882,25.50602168008528,14.907849990970995,9.74987108982941,12.75301084004264,7.453924995485497,downward_arrow,***
