Year,Year_simple,Sample_size,category,fit,fit_link,se_link,fit_resp,right_upr,right_lwr,Percent_resistant_predict,CI_upper,CI_lower,icon,signif_level
2014,0,200,P. multocida_DOXYCYCLINE_pulmonary,5.7210530609767165,1.7441528900164482,0.29467774299545646,5.7210530609767165,10.314063744621803,3.173380438295054,2.8605265304883583,5.157031872310902,1.5866902191475267,upward_arrow,***
2015,1,200,P. multocida_DOXYCYCLINE_pulmonary,7.027669376375446,1.949855125446978,0.25020082512192793,7.027669376375446,11.59132270702215,4.260785253931838,3.5138346881877234,5.795661353511075,2.130392626965919,upward_arrow,***
2016,2,200,P. multocida_DOXYCYCLINE_pulmonary,8.632700367790955,2.1555573608775083,0.20721192651034642,8.632700367790955,13.065578987332092,5.703805067675406,4.316350183895477,6.532789493666045,2.851902533837703,upward_arrow,***
2017,3,200,P. multocida_DOXYCYCLINE_pulmonary,10.604300181021594,2.361259596308038,0.16686509822669113,10.604300181021594,14.805367630596786,7.595298214468035,5.302150090510797,7.402683815298393,3.7976491072340175,upward_arrow,***
2018,4,200,P. multocida_DOXYCYCLINE_pulmonary,13.026188508612636,2.566961831738568,0.1316130253657127,13.026188508612636,16.948644878680515,10.011513503085562,6.513094254306317,8.474322439340257,5.005756751542781,upward_arrow,***
2019,5,200,P. multocida_DOXYCYCLINE_pulmonary,16.00120556428507,2.7726640671690976,0.10663425719376765,16.00120556428507,19.8049633703448,12.928000659364507,8.000602782142535,9.9024816851724,6.464000329682254,upward_arrow,***
2020,6,200,P. multocida_DOXYCYCLINE_pulmonary,19.655678968657668,2.978366302599628,0.09995293937776835,19.655678968657668,24.005240996340845,16.094223581334703,9.827839484328834,12.002620498170423,8.047111790667351,upward_arrow,***
2021,7,200,P. multocida_DOXYCYCLINE_pulmonary,24.144787976554756,3.1840685380301577,0.11480925178261321,24.144787976554756,30.377039443978944,19.19116533748762,12.072393988277378,15.188519721989472,9.59558266874381,upward_arrow,***
2022,8,200,P. multocida_DOXYCYCLINE_pulmonary,29.659152826130825,3.389770773460688,0.14471553966713288,29.659152826130825,39.61476303874321,22.205493075989676,14.829576413065412,19.807381519371607,11.102746537994838,upward_arrow,***
