Year,Year_simple,Sample_size,category,fit,fit_link,se_link,fit_resp,right_upr,right_lwr,Percent_resistant_predict,CI_upper,CI_lower,icon,signif_level
2014,0,200,B. hyodysenteriae_Tylvalosine_Swine_inner_organs,119.29294795452792,4.781582215491883,0.17363255184875231,119.29294795452792,168.8224074973667,84.29454148083796,59.64647397726396,84.41120374868335,42.14727074041898,oscilate,
2015,1,200,B. hyodysenteriae_Tylvalosine_Swine_inner_organs,119.40397382192661,4.782512481995357,0.13927666512564887,119.40397382192661,157.75856776535528,90.37422921887305,59.70198691096331,78.87928388267764,45.18711460943653,oscilate,
2016,2,200,B. hyodysenteriae_Tylvalosine_Swine_inner_organs,119.51510302102633,4.783442748498831,0.10812502976873654,119.51510302102633,148.36757477472165,96.27346050385245,59.75755151051316,74.18378738736082,48.136730251926224,oscilate,
2017,3,200,B. hyodysenteriae_Tylvalosine_Swine_inner_organs,119.62633564799782,4.784373015002305,0.08382935585708473,119.62633564799782,141.4620844438241,101.1611007771503,59.81316782399892,70.73104222191205,50.580550388575155,oscilate,
2018,4,200,B. hyodysenteriae_Tylvalosine_Swine_inner_organs,119.7376717991013,4.7853032815057785,0.07353234642858121,119.7376717991013,138.7075797518505,103.3621239265984,59.86883589955065,69.35378987592524,51.6810619632992,oscilate,
2019,5,200,B. hyodysenteriae_Tylvalosine_Swine_inner_organs,119.84911157068666,4.786233548009252,0.08264355550269822,119.84911157068666,141.38980621253987,101.59013530785201,59.92455578534332,70.69490310626993,50.795067653926004,oscilate,
2020,6,200,B. hyodysenteriae_Tylvalosine_Swine_inner_organs,119.96065505919327,4.787163814512725,0.10628365249612849,119.96065505919327,148.37325906330153,96.9888971441357,59.980327529596636,74.18662953165077,48.49444857206785,oscilate,
2021,7,200,B. hyodysenteriae_Tylvalosine_Swine_inner_organs,120.07230236115063,4.788094081016199,0.13713416254407065,120.07230236115063,157.96324922100112,91.27032943046605,60.03615118057532,78.98162461050056,45.635164715233024,oscilate,
