Year,Year_simple,Sample_size,category,fit,fit_link,se_link,fit_resp,right_upr,right_lwr,Percent_resistant_predict,CI_upper,CI_lower,icon,signif_level
2014,0,200,E. coli_COLISTIN_Swine_feaces,7.780504687237596,2.051621205911228,0.292332866260318,7.780504687237596,13.961268199324456,4.336013915344408,3.890252343618798,6.980634099662228,2.168006957672204,oscilate,
2015,1,200,E. coli_COLISTIN_Swine_feaces,8.302018264511092,2.1164986496418083,0.24215790865175463,8.302018264511092,13.474708271432663,5.115027789536526,4.151009132255546,6.7373541357163305,2.557513894768263,oscilate,
2016,2,200,E. coli_COLISTIN_Swine_feaces,8.858487981805515,2.1813760933723882,0.19898249218075298,8.858487981805515,13.188445135804102,5.950118343424284,4.429243990902758,6.594222567902051,2.975059171712142,oscilate,
2017,3,200,E. coli_COLISTIN_Swine_feaces,9.452256887851364,2.2462535371029686,0.16828322290587555,9.452256887851364,13.234406386976586,6.750976028804308,4.726128443925682,6.617203193488293,3.375488014402154,oscilate,
2018,4,200,E. coli_COLISTIN_Swine_feaces,10.085825081824341,2.311130980833549,0.15753122063250535,10.085825081824341,13.821058704499727,7.36006334652487,5.0429125409121704,6.910529352249864,3.6800316732624347,oscilate,
2019,5,200,E. coli_COLISTIN_Swine_feaces,10.761860240161147,2.376008424564129,0.1705419575400695,10.761860240161147,15.136247132556209,7.651674474820895,5.380930120080573,7.5681235662781035,3.8258372374104477,oscilate,
2020,6,200,E. coli_COLISTIN_Swine_feaces,11.483208848969259,2.440885868294709,0.2027921707918823,11.483208848969259,17.22686717025124,7.654559831793418,5.741604424484629,8.61343358512562,3.8272799158967095,oscilate,
2021,7,200,E. coli_COLISTIN_Swine_feaces,12.252908189325396,2.5057633120252896,0.2468529951866543,12.252908189325396,20.07488040486413,7.478687597045912,6.126454094662698,10.037440202432064,3.739343798522956,oscilate,
2022,8,200,E. coli_COLISTIN_Swine_feaces,13.074199125927542,2.5706407557558695,0.29752272077274045,13.074199125927542,23.705004763455484,7.21091113417213,6.537099562963772,11.852502381727742,3.605455567086065,oscilate,
