Year,Year_simple,Sample_size,category,fit,fit_link,se_link,fit_resp,right_upr,right_lwr,Percent_resistant_predict,CI_upper,CI_lower,icon,signif_level
2014,0,200,S. hyicus_TETRACYCLINE_Swine_blood,132.77761824621138,4.888675685535701,0.19689709397590377,132.77761824621138,196.8554835492193,89.55755556958455,66.38880912310569,98.42774177460964,44.778777784792275,oscilate,
2015,1,200,S. hyicus_TETRACYCLINE_Swine_blood,124.93882500999021,4.827824217586995,0.16147343410085874,124.93882500999021,172.56450106332196,90.45724873129629,62.469412504995105,86.28225053166098,45.228624365648145,oscilate,
2016,2,200,S. hyicus_TETRACYCLINE_Swine_blood,117.56281066837386,4.76697274963829,0.13171515888013322,117.56281066837386,152.99466743186773,90.33657632807858,58.78140533418693,76.49733371593386,45.16828816403929,oscilate,
2017,3,200,S. hyicus_TETRACYCLINE_Swine_blood,110.6222541403184,4.706121281689584,0.11222346052247276,110.6222541403184,138.45816229972016,88.38253309035811,55.3111270701592,69.22908114986008,44.191266545179055,oscilate,
2018,4,200,S. hyicus_TETRACYCLINE_Swine_blood,104.09144729964508,4.645269813740878,0.10867076864909514,104.09144729964508,129.36156989276117,83.75771421077272,52.04572364982254,64.68078494638058,41.87885710538636,oscilate,
2019,5,200,S. hyicus_TETRACYCLINE_Swine_blood,97.94619975101163,4.584418345792173,0.12245234044417938,97.94619975101163,125.12622486026916,76.67024283980652,48.97309987550582,62.56311243013458,38.33512141990326,oscilate,
2020,6,200,S. hyicus_TETRACYCLINE_Swine_blood,92.1637492276253,4.523566877843467,0.1488281702368713,92.1637492276253,124.11681992957905,68.43678944168877,46.08187461381265,62.05840996478953,34.21839472084439,oscilate,
2021,7,200,S. hyicus_TETRACYCLINE_Swine_blood,86.72267727880762,4.462715409894762,0.18241458737222463,86.72267727880762,124.90389288237455,60.212877123748115,43.36133863940381,62.451946441187275,30.106438561874054,oscilate,
2022,8,200,S. hyicus_TETRACYCLINE_Swine_blood,81.60282993511191,4.401863941946056,0.21993259869930312,81.60282993511191,126.68822403791037,52.56227959613785,40.80141496755596,63.34411201895519,26.281139798068924,oscilate,
