Year,Year_simple,Sample_size,category,fit,fit_link,se_link,fit_resp,right_upr,right_lwr,Percent_resistant_predict,CI_upper,CI_lower,icon,signif_level
2014,0,200,E. cecorum_DOXYCYCLINE_poultry_inner_organs,19.4880852149011,2.969803264203738,0.2600645604534668,19.4880852149011,32.783730962949484,11.584571193939496,9.74404260745055,16.391865481474742,5.792285596969748,upward_arrow,***
2015,1,200,E. cecorum_DOXYCYCLINE_poultry_inner_organs,25.088379588832872,3.222404774348213,0.21973314020300672,25.088379588832872,38.934122637899065,16.16645625348373,12.544189794416436,19.467061318949533,8.083228126741865,upward_arrow,***
2016,2,200,E. cecorum_DOXYCYCLINE_poultry_inner_organs,32.298031512715774,3.4750062844926886,0.180683361101905,32.298031512715774,46.357032509086764,22.502795867960348,16.149015756357887,23.178516254543382,11.251397933980174,upward_arrow,***
2017,3,200,E. cecorum_DOXYCYCLINE_poultry_inner_organs,41.57952234032303,3.7276077946371635,0.14396196661158978,41.57952234032303,55.45277334919961,31.177100325756303,20.789761170161515,27.726386674599805,15.588550162878152,upward_arrow,***
2018,4,200,E. cecorum_DOXYCYCLINE_poultry_inner_organs,53.52823677098615,3.9802093047816385,0.11188550155520369,53.52823677098615,66.95229212302421,42.79572873391463,26.764118385493074,33.476146061512104,21.397864366957315,upward_arrow,***
2019,5,200,E. cecorum_DOXYCYCLINE_poultry_inner_organs,68.91065530668845,4.232810814926113,0.0895903446908783,68.91065530668845,82.43346674755495,57.60619566491882,34.45532765334423,41.21673337377747,28.80309783245941,upward_arrow,***
2020,6,200,E. cecorum_DOXYCYCLINE_poultry_inner_organs,88.71352208207155,4.485412325070588,0.08514247495456768,88.71352208207155,105.18253558573483,74.82315344823806,44.356761041035774,52.59126779286741,37.41157672411903,upward_arrow,***
2021,7,200,E. cecorum_DOXYCYCLINE_poultry_inner_organs,114.20714206214097,4.738013835215064,0.10092967352040672,114.20714206214097,139.75252533615512,93.33120290047202,57.10357103107049,69.87626266807756,46.66560145023601,upward_arrow,***
2022,8,200,E. cecorum_DOXYCYCLINE_poultry_inner_organs,147.02686796647882,4.990615345359538,0.129765572200297,147.02686796647882,190.5941865103902,113.41846411907196,73.51343398323941,95.2970932551951,56.70923205953598,upward_arrow,***
