Year,Year_simple,Sample_size,category,fit,fit_link,se_link,fit_resp,right_upr,right_lwr,Percent_resistant_predict,CI_upper,CI_lower,icon,signif_level
2014,0,200,E. cecorum_TMPSMX_poultry_inner_organs,177.98454657687464,5.181696729539422,0.12485293346652143,177.98454657687464,228.4694712721561,138.6552813545919,88.99227328843732,114.23473563607807,69.32764067729595,equals,
2015,1,200,E. cecorum_TMPSMX_poultry_inner_organs,178.53960128918206,5.184810432575103,0.10329426915757178,178.53960128918206,219.51025931306705,145.21594265458808,89.26980064459103,109.75512965653354,72.60797132729404,equals,
2016,2,200,E. cecorum_TMPSMX_poultry_inner_organs,179.09638697049522,5.187924135610784,0.0833260223495865,179.09638697049522,211.57428799923056,151.60403529753114,89.54819348524761,105.78714399961528,75.80201764876557,equals,
2017,3,200,E. cecorum_TMPSMX_poultry_inner_organs,179.65490901893762,5.191037838646465,0.06639890717938311,179.65490901893762,205.1693330400116,157.31340476848163,89.82745450946881,102.5846665200058,78.65670238424082,equals,
2018,4,200,E. cecorum_TMPSMX_poultry_inner_organs,180.2151728494666,5.194151541682146,0.055375740742987165,180.2151728494666,201.32147794788034,161.321627757825,90.1075864247333,100.66073897394017,80.6608138789125,equals,
2019,5,200,E. cecorum_TMPSMX_poultry_inner_organs,180.77718389392652,5.197265244717827,0.05400184594306354,180.77718389392652,201.39515766095982,162.26998998473724,90.38859194696326,100.69757883047991,81.13499499236862,equals,
2020,6,200,E. cecorum_TMPSMX_poultry_inner_organs,181.34094760110108,5.200378947753507,0.06291259795849996,181.34094760110108,205.65585061885307,159.90082060836187,90.67047380055054,102.82792530942653,79.95041030418093,equals,
2021,7,200,E. cecorum_TMPSMX_poultry_inner_organs,181.9064694367668,5.2034926507891885,0.07868836961535665,181.9064694367668,212.90996781118292,155.41763480183735,90.9532347183834,106.45498390559148,77.70881740091868,equals,
2022,8,200,E. cecorum_TMPSMX_poultry_inner_organs,182.47375488374504,5.20660635382487,0.09807034698502785,182.47375488374504,222.01546637356068,149.97455702184493,91.23687744187252,111.00773318678034,74.98727851092247,equals,
