Year,Year_simple,Sample_size,category,fit,fit_link,se_link,fit_resp,right_upr,right_lwr,Percent_resistant_predict,CI_upper,CI_lower,icon,signif_level
2014,0,200,S. hyicus_benzylpenicilline_Swine_blood,105.09506053020927,4.654865278968857,0.19817774407319594,105.09506053020927,156.2130478855848,70.70454035272408,52.54753026510463,78.1065239427924,35.35227017636204,oscilate,
2015,1,200,S. hyicus_benzylpenicilline_Swine_blood,112.02966207588726,4.718763676194461,0.1645489634814171,112.02966207588726,155.68918301197348,80.61346936268698,56.01483103794362,77.84459150598674,40.30673468134349,oscilate,
2016,2,200,S. hyicus_benzylpenicilline_Swine_blood,119.42183696853988,4.782662073420065,0.1341128811140549,119.42183696853988,156.1610483030052,91.32607202577331,59.71091848426994,78.0805241515026,45.66303601288666,oscilate,
2017,3,200,S. hyicus_benzylpenicilline_Swine_blood,127.30177776739117,4.846560470645669,0.10956335491236473,127.30177776739117,158.48931542390352,102.25132577166829,63.650888883695586,79.24465771195176,51.125662885834146,oscilate,
2018,4,200,S. hyicus_benzylpenicilline_Swine_blood,135.7016692600989,4.910458867871274,0.09555078733128924,135.7016692600989,164.27805385955338,112.09618453187178,67.85083463004945,82.13902692977669,56.04809226593589,oscilate,
2019,5,200,S. hyicus_benzylpenicilline_Swine_blood,144.65581991812783,4.974357265096878,0.09676640708759433,144.65581991812783,175.5440624126613,119.20258622587609,72.32790995906392,87.77203120633065,59.601293112938045,oscilate,
2020,6,200,S. hyicus_benzylpenicilline_Swine_blood,154.20080202608543,5.038255662322483,0.1127185986547521,154.20080202608543,193.19361249890238,123.07802021986149,77.10040101304271,96.59680624945119,61.53901010993075,oscilate,
2021,7,200,S. hyicus_benzylpenicilline_Swine_blood,164.37560105736344,5.102154059548087,0.13840226799361502,164.37560105736344,216.79638510039578,124.630021900306,82.18780052868172,108.39819255019789,62.315010950153,oscilate,
2022,8,200,S. hyicus_benzylpenicilline_Swine_blood,175.221774906195,5.1660524567736905,0.16944867497238822,175.221774906195,245.90611253431595,124.85525505996824,87.6108874530975,122.95305626715798,62.42762752998412,oscilate,
