Year,Year_simple,Sample_size,category,fit,fit_link,se_link,fit_resp,right_upr,right_lwr,Percent_resistant_predict,CI_upper,CI_lower,icon,signif_level
2014,0,200,hemolytic E. coli_AMPRAMYCIN_Swine_feaces,3.4868643616465143,1.249002868642294,0.3147295208276531,3.4868643616465143,6.5434327317536916,1.85808024242683,1.7434321808232571,3.2717163658768458,0.929040121213415,upward_arrow,**
2015,1,200,hemolytic E. coli_AMPRAMYCIN_Swine_feaces,4.083455430796012,1.4069435492950193,0.26528300907576885,4.083455430796012,6.9414422327569305,2.402182096482678,2.041727715398006,3.4707211163784653,1.201091048241339,upward_arrow,**
2016,2,200,hemolytic E. coli_AMPRAMYCIN_Swine_feaces,4.782121277417173,1.5648842299477446,0.21843424848762377,4.782121277417173,7.402018452905726,3.08951998126251,2.3910606387085864,3.701009226452863,1.544759990631255,upward_arrow,**
2017,3,200,hemolytic E. coli_AMPRAMYCIN_Swine_feaces,5.600326561533727,1.7228249106004698,0.17626686956027676,5.600326561533727,7.9674034536999265,3.9364967241938063,2.8001632807668635,3.9837017268499633,1.9682483620969031,upward_arrow,**
2018,4,200,hemolytic E. coli_AMPRAMYCIN_Swine_feaces,6.558524089284433,1.880765591253195,0.1429844050271722,6.558524089284433,8.729729648797344,4.9273276447513,3.2792620446422163,4.364864824398672,2.46366382237565,upward_arrow,**
2019,5,200,hemolytic E. coli_AMPRAMYCIN_Swine_feaces,7.68066607493406,2.0387062719059204,0.12584559285703004,7.68066607493406,9.878863330489338,5.971601122628434,3.84033303746703,4.939431665244669,2.985800561314217,upward_arrow,**
2020,6,200,hemolytic E. coli_AMPRAMYCIN_Swine_feaces,8.994802878139517,2.1966469525586456,0.1313306087181068,8.994802878139517,11.696716600636814,6.917024800975522,4.497401439069758,5.848358300318407,3.4585124004877605,upward_arrow,**
2021,7,200,hemolytic E. coli_AMPRAMYCIN_Swine_feaces,10.533784183200744,2.354587633211371,0.15708719462504805,10.533784183200744,14.42210389598485,7.693787953444287,5.266892091600372,7.211051947992425,3.8468939767221433,upward_arrow,**
2022,8,200,hemolytic E. coli_AMPRAMYCIN_Swine_feaces,12.33608014778432,2.512528313864096,0.19525134321749268,12.33608014778432,18.22931477650144,8.348030371867027,6.16804007389216,9.11465738825072,4.174015185933514,upward_arrow,**
