Year,Year_simple,Sample_size,category,fit,fit_link,se_link,fit_resp,right_upr,right_lwr,Percent_resistant_predict,CI_upper,CI_lower,icon,signif_level
2014,0,200,E. coli_TMPSMX_poultry_inner_organs,58.18716348798144,4.063664771785013,0.06292847362702754,58.18716348798144,65.99122106674733,51.30600616334319,29.093581743990722,32.995610533373664,25.653003081671592,upward_arrow,***
2015,1,200,E. coli_TMPSMX_poultry_inner_organs,64.17745981894483,4.161652055885428,0.052719898463179725,64.17745981894483,71.31394232341128,57.75513475518735,32.08872990947241,35.65697116170564,28.877567377593678,upward_arrow,***
2016,2,200,E. coli_TMPSMX_poultry_inner_organs,70.78444972941499,4.259639339985842,0.04323497488609872,70.78444972941499,77.17760233623989,64.92088600611207,35.392224864707494,38.58880116811994,32.460443003056035,upward_arrow,***
2017,3,200,E. coli_TMPSMX_poultry_inner_organs,78.07162105872301,4.357626624086257,0.03506592179493249,78.07162105872301,83.7434926241414,72.78390026187822,39.035810529361505,41.8717463120707,36.39195013093911,upward_arrow,***
2018,4,200,E. coli_TMPSMX_poultry_inner_organs,86.1089976405361,4.455613908186672,0.02933351577544334,86.1089976405361,91.31188366340022,81.20256835343162,43.05449882026805,45.65594183170011,40.60128417671581,upward_arrow,***
2019,5,200,E. coli_TMPSMX_poultry_inner_organs,94.97381217537033,4.553601192287086,0.027600215264761484,94.97381217537033,100.3638038483984,89.87328751257232,47.48690608768516,50.1819019241992,44.93664375628616,upward_arrow,***
2020,6,200,E. coli_TMPSMX_poultry_inner_organs,104.75124837449417,4.651588476387501,0.030554362635592486,104.75124837449417,111.3520942855183,98.54169431137512,52.375624187247084,55.67604714275915,49.27084715568756,upward_arrow,***
2021,7,200,E. coli_TMPSMX_poultry_inner_organs,115.53525950662599,4.749575760487916,0.03709240795589489,115.53525950662599,124.43214862753258,107.27449727818866,57.767629753313,62.21607431376629,53.637248639094324,upward_arrow,***
2022,8,200,E. coli_TMPSMX_poultry_inner_organs,127.42947121299994,4.847563044588331,0.04570125641991594,127.42947121299994,139.62574001987824,116.2985430287637,63.71473560649997,69.81287000993912,58.14927151438185,upward_arrow,***
