Year,Year_simple,Sample_size,category,fit,fit_link,se_link,fit_resp,right_upr,right_lwr,Percent_resistant_predict,CI_upper,CI_lower,icon,signif_level
2014,0,200,E. coli_AMOXICILLIN_poultry_inner_organs,116.14938153792848,4.754877134518027,0.04853735850381144,116.14938153792848,127.98996360706622,105.40419304329322,58.074690768964246,63.994981803533115,52.70209652164661,upward_arrow,*
2015,1,200,E. coli_AMOXICILLIN_poultry_inner_organs,118.38574300540053,4.773948301393842,0.04036137264468233,118.38574300540053,128.33846690582686,109.20485872115727,59.192871502700264,64.16923345291343,54.60242936057863,upward_arrow,*
2016,2,200,E. coli_AMOXICILLIN_poultry_inner_organs,120.6651637862067,4.793019468269658,0.03298688661019952,120.6651637862067,128.8943712590397,112.96134663856355,60.33258189310335,64.44718562951985,56.480673319281784,upward_arrow,*
2017,3,200,E. coli_AMOXICILLIN_poultry_inner_organs,122.98847295225309,4.8120906351454735,0.027076891068608017,122.98847295225309,129.83240381308687,116.50531019130989,61.49423647612654,64.91620190654344,58.25265509565495,upward_arrow,*
2018,4,200,E. coli_AMOXICILLIN_poultry_inner_organs,125.35651553854827,4.831161802021289,0.02375100896560446,125.35651553854827,131.45489907197577,119.54104486712383,62.67825776927414,65.72744953598789,59.770522433561915,upward_arrow,*
2019,5,200,E. coli_AMOXICILLIN_poultry_inner_organs,127.77015285055958,4.850232968897105,0.024103773129181195,127.77015285055958,134.08052001978925,121.75677687590924,63.8850764252798,67.04026000989462,60.87838843795462,upward_arrow,*
2020,6,200,E. coli_AMOXICILLIN_poultry_inner_organs,130.2302627774877,4.8693041357729205,0.027996470964707428,130.2302627774877,137.73025215260924,123.13867925182768,65.11513138874385,68.86512607630462,61.56933962591384,upward_arrow,*
2021,7,200,E. coli_AMOXICILLIN_poultry_inner_organs,132.7377401115727,4.888375302648736,0.034242399873960785,132.7377401115727,142.1467681569344,123.95151770510294,66.36887005578635,71.0733840784672,61.97575885255148,upward_arrow,*
2022,8,200,E. coli_AMOXICILLIN_poultry_inner_organs,135.29349687354838,4.907446469524552,0.041799647929314045,135.29349687354838,147.09016489562055,124.44292457801059,67.64674843677419,73.54508244781027,62.22146228900529,upward_arrow,*
