Year,Year_simple,Sample_size,category,fit,fit_link,se_link,fit_resp,right_upr,right_lwr,Percent_resistant_predict,CI_upper,CI_lower,icon,signif_level
2014,0,200,E. coli_AMOXICILLIN_Swine_feaces,158.36605740090735,5.06490917233303,0.030560085186756864,158.36605740090735,168.34733960271507,148.9765635494664,79.18302870045368,84.17366980135753,74.4882817747332,oscilate,
2015,1,200,E. coli_AMOXICILLIN_Swine_feaces,157.4238861191691,5.058942078721183,0.02514380052289898,157.4238861191691,165.5427847885762,149.70317161519267,78.71194305958456,82.7713923942881,74.85158580759634,oscilate,
2016,2,200,E. coli_AMOXICILLIN_Swine_feaces,156.4873201214084,5.052974985109337,0.020562056529169426,156.4873201214084,163.0568801919263,150.1824475603617,78.2436600607042,81.52844009596315,75.09122378018085,oscilate,
2017,3,200,E. coli_AMOXICILLIN_Swine_feaces,155.55632605996425,5.047007891497491,0.017483740976750616,155.55632605996425,161.09195861518646,150.2109154627458,77.77816302998212,80.54597930759323,75.1054577313729,oscilate,
2018,4,200,E. coli_AMOXICILLIN_Swine_feaces,154.63087078557183,5.041040797885644,0.016758872105108503,154.63087078557183,159.90158657659802,149.5338896368624,77.31543539278591,79.95079328829901,74.7669448184312,oscilate,
2019,5,200,E. coli_AMOXICILLIN_Swine_feaces,153.710921346182,5.035073704273798,0.018663706914452568,153.710921346182,159.5569829189357,148.07905557537444,76.855460673091,79.77849145946784,74.03952778768722,oscilate,
2020,6,200,E. coli_AMOXICILLIN_Swine_feaces,152.7964449857882,5.029106610661952,0.022541155320917137,152.7964449857882,159.8424945470076,146.06099377052092,76.3982224928941,79.9212472735038,73.03049688526046,oscilate,
2021,7,200,E. coli_AMOXICILLIN_Swine_feaces,151.88740914326,5.023139517050105,0.027571162044331077,151.88740914326,160.4980577320281,143.7387179773228,75.94370457163,80.24902886601404,71.8693589886614,oscilate,
2022,8,200,E. coli_AMOXICILLIN_Swine_feaces,150.9837814511837,5.017172423438259,0.0332344675842376,150.9837814511837,161.36055910703982,141.27431379422043,75.49189072559184,80.68027955351991,70.63715689711022,oscilate,
