Year,Year_simple,Sample_size,category,fit,fit_link,se_link,fit_resp,right_upr,right_lwr,Percent_resistant_predict,CI_upper,CI_lower,icon,signif_level
2014,0,200,P. multocida_FLORPHENICOL_pulmonary,1.040549657896846,0.03974909074575805,0.6856451807819831,1.040549657896846,4.100215167903601,0.264069944188524,0.520274828948423,2.0501075839518004,0.132034972094262,oscilate,
2015,1,200,P. multocida_FLORPHENICOL_pulmonary,1.1167647164006307,0.11043585904607589,0.5764824585422467,1.1167647164006307,3.537431065979447,0.3525619039736865,0.5583823582003153,1.7687155329897235,0.17628095198684324,oscilate,
2016,2,200,P. multocida_FLORPHENICOL_pulmonary,1.1985621467774465,0.18112262734639373,0.4734551574773458,1.1985621467774465,3.0895731502845485,0.46496753752389886,0.5992810733887233,1.5447865751422742,0.2324837687619494,oscilate,
2017,3,200,P. multocida_FLORPHENICOL_pulmonary,1.2863508298487552,0.25180939564671156,0.38156598031600464,1.2863508298487552,2.7592015827830494,0.599701909341318,0.6431754149243776,1.3796007913915247,0.299850954670659,oscilate,
2018,4,200,P. multocida_FLORPHENICOL_pulmonary,1.38056959491132,0.3224961639470294,0.31085440094159694,1.38056959491132,2.5707687169355284,0.7414017425362209,0.69028479745566,1.2853843584677642,0.37070087126811047,oscilate,
2019,5,200,P. multocida_FLORPHENICOL_pulmonary,1.4816894133132432,0.39318293224734724,0.2779808804443837,1.4816894133132432,2.5834990296143627,0.8497791144331298,0.7408447066566216,1.2917495148071814,0.4248895572165649,oscilate,
2020,6,200,P. multocida_FLORPHENICOL_pulmonary,1.5902157526984808,0.4638697005476642,0.29584004336489095,1.5902157526984808,2.8735545634319513,0.8800202273209,0.7951078763492403,1.4367772817159756,0.44001011366045,oscilate,
2021,7,200,P. multocida_FLORPHENICOL_pulmonary,1.7066911036879957,0.534556468847982,0.35689542261182966,1.7066911036879957,3.4845792808564044,0.8359099588894624,0.8533455518439979,1.7422896404282022,0.4179549794447312,oscilate,
2022,8,200,P. multocida_FLORPHENICOL_pulmonary,1.83169769162766,0.6052432371482999,0.4436579810642909,1.83169769162766,4.448465473431302,0.7542188319888534,0.91584884581383,2.224232736715651,0.3771094159944267,oscilate,
