Year,Year_simple,Sample_size,category,fit,fit_link,se_link,fit_resp,right_upr,right_lwr,Percent_resistant_predict,CI_upper,CI_lower,icon,signif_level
2014,0,200,hemolytic E. coli_AMOXICILLIN_Swine_feaces,164.86051197768816,5.105099734410334,0.05404851049814451,164.86051197768816,183.68030165339718,147.96898831771267,82.43025598884408,91.84015082669859,73.98449415885634,equals,
2015,1,200,hemolytic E. coli_AMOXICILLIN_Swine_feaces,164.05368875521998,5.10019374470884,0.04499647596504672,164.05368875521998,179.50206223539894,149.93483895967776,82.02684437760999,89.75103111769947,74.96741947983888,equals,
2016,2,200,hemolytic E. coli_AMOXICILLIN_Swine_feaces,163.25081410542413,5.095287755007347,0.036897282110285055,163.25081410542413,175.75347786981376,151.6375586366767,81.62540705271206,87.87673893490688,75.81877931833834,equals,
2017,3,200,hemolytic E. coli_AMOXICILLIN_Swine_feaces,162.4518687040845,5.090381765305854,0.030519194298454927,162.4518687040845,172.67654353624414,152.83262627914382,81.22593435204224,86.33827176812207,76.41631313957191,equals,
2018,4,200,hemolytic E. coli_AMOXICILLIN_Swine_feaces,161.65683332155731,5.08547577560436,0.02710568629966178,161.65683332155731,170.66236794018212,153.12650395612386,80.82841666077866,85.33118397009106,76.56325197806193,equals,
2019,5,200,hemolytic E. coli_AMOXICILLIN_Swine_feaces,160.86568882230858,5.080569785902867,0.02777229653039963,160.86568882230858,170.05371861081218,152.1740897621893,80.43284441115429,85.02685930540609,76.08704488109466,equals,
2020,6,200,hemolytic E. coli_AMOXICILLIN_Swine_feaces,160.0784161644527,5.075663796201374,0.032267133356050845,160.0784161644527,170.74958413249124,150.0741536321178,80.03920808222635,85.37479206624562,75.0370768160589,equals,
2021,7,200,hemolytic E. coli_AMOXICILLIN_Swine_feaces,159.29499639929472,5.070757806499881,0.03929784410256925,159.29499639929472,172.32004847309557,147.25446111868473,79.64749819964736,86.16002423654778,73.62723055934237,equals,
2022,8,200,hemolytic E. coli_AMOXICILLIN_Swine_feaces,158.51541067087402,5.065851816798387,0.047757286594303616,158.51541067087402,174.40259483181637,144.07546770956577,79.25770533543701,87.20129741590819,72.03773385478289,equals,
