Year,Year_simple,Sample_size,category,fit,fit_link,se_link,fit_resp,right_upr,right_lwr,Percent_resistant_predict,CI_upper,CI_lower,icon,signif_level
2014,0,200,S. suis_benzylpenicilline_Swine_inner_organs,12.201375512984303,2.501548692349676,0.2346992112239761,12.201375512984303,19.510389426658982,7.630476314605604,6.100687756492151,9.755194713329491,3.815238157302802,downward_arrow,***
2015,1,200,S. suis_benzylpenicilline_Swine_inner_organs,7.606091016923847,2.0289493758982946,0.18413250519224927,7.606091016923847,10.99251279758549,5.262911367311484,3.803045508461924,5.496256398792745,2.631455683655742,downward_arrow,***
2016,2,200,S. suis_benzylpenicilline_Swine_inner_organs,4.741483490624874,1.5563500594469137,0.15504433102373033,4.741483490624874,6.465230864556108,3.477318314357176,2.370741745312437,3.2326154322780543,1.7386591571785883,downward_arrow,***
2017,3,200,S. suis_benzylpenicilline_Swine_inner_organs,2.955745026169902,1.0837507429955329,0.1596421469782451,2.955745026169902,4.067526344635949,2.1478480824713726,1.477872513084951,2.0337631723179745,1.0739240412356863,downward_arrow,***
2018,4,200,S. suis_benzylpenicilline_Swine_inner_organs,1.842551740821679,0.6111514265441516,0.19556428865223924,1.842551740821679,2.724486592244336,1.2461052028185322,0.9212758704108395,1.362243296122168,0.6230526014092661,downward_arrow,***
2019,5,200,S. suis_benzylpenicilline_Swine_inner_organs,1.148609534160085,0.13855211009277024,0.24963587942299933,1.148609534160085,1.892358375537573,0.6971744247907933,0.5743047670800425,0.9461791877687866,0.34858721239539664,downward_arrow,***
2020,6,200,S. suis_benzylpenicilline_Swine_inner_organs,0.7160199807334089,-0.33404720635861107,0.31257584517927384,0.7160199807334089,1.3379043662471195,0.3831997456197666,0.35800999036670444,0.6689521831235598,0.1915998728098833,downward_arrow,***
2021,7,200,S. suis_benzylpenicilline_Swine_inner_organs,0.4463523917937607,-0.8066465228099924,0.38000283035628263,0.4463523917937607,0.9544301080736914,0.20874284662091597,0.22317619589688034,0.4772150540368458,0.10437142331045797,downward_arrow,***
2022,8,200,S. suis_benzylpenicilline_Swine_inner_organs,0.2782470643569778,-1.2792458392613737,0.4499039325934362,0.2782470643569778,0.6842458650807439,0.11314855196697475,0.1391235321784889,0.34212293254037196,0.056574275983487375,downward_arrow,***
