Year,Year_simple,Sample_size,category,fit,fit_link,se_link,fit_resp,right_upr,right_lwr,Percent_resistant_predict,CI_upper,CI_lower,icon,signif_level
2018,0,200,P. multocida_benzylpenicilline_Swine_inner_organs,54.20258514137388,3.992728603643478,0.09615311673391552,54.20258514137388,65.69578952840548,44.72006892827719,27.10129257068694,32.84789476420274,22.360034464138597,upward_arrow,***
2019,1,200,P. multocida_benzylpenicilline_Swine_inner_organs,62.66516391689551,4.137805693824774,0.06624017569429341,62.66516391689551,71.5420969670356,54.889679436441284,31.332581958447754,35.7710484835178,27.444839718220642,upward_arrow,***
2020,2,200,P. multocida_benzylpenicilline_Swine_inner_organs,72.44899405607669,4.282882784006071,0.05364286873324149,72.44899405607669,80.65400976776849,65.07868306672856,36.22449702803834,40.32700488388424,32.53934153336428,upward_arrow,***
2021,3,200,P. multocida_benzylpenicilline_Swine_inner_organs,83.7603608074543,4.427959874187367,0.06866448374093218,83.7603608074543,96.09034490414852,73.01251805884645,41.88018040372715,48.04517245207426,36.50625902942323,upward_arrow,***
2022,4,200,P. multocida_benzylpenicilline_Swine_inner_organs,96.83775646580527,4.573036964368664,0.09949634546274423,96.83775646580527,118.15882042300058,79.36395305707703,48.418878232902635,59.079410211500296,39.68197652853851,upward_arrow,***
