Year,Year_simple,Sample_size,category,fit,fit_link,se_link,fit_resp,right_upr,right_lwr,Percent_resistant_predict,CI_upper,CI_lower,icon,signif_level
2014,0,200,B. hyodysenteriae_Tiamuline_Swine_inner_organs,121.84409142355949,4.802742288321521,0.17140962883666766,121.84409142355949,171.66785700732802,86.48085246499575,60.922045711779745,85.83392850366401,43.240426232497875,oscilate,
2015,1,200,B. hyodysenteriae_Tiamuline_Swine_inner_organs,122.28289628407242,4.806337182414953,0.13751918950567116,122.28289628407242,160.99536269392075,92.87911448759913,61.14144814203621,80.49768134696038,46.43955724379956,oscilate,
2016,2,200,B. hyodysenteriae_Tiamuline_Swine_inner_organs,122.72328144038282,4.809932076508385,0.10676034864583563,122.72328144038282,151.93499635252485,99.12794398303303,61.36164072019141,75.96749817626242,49.56397199151652,oscilate,
2017,3,200,B. hyodysenteriae_Tiamuline_Swine_inner_organs,123.16525258371004,4.813526970601817,0.08270425950321549,123.16525258371004,145.31960505786915,104.38838887545988,61.58262629185502,72.65980252893458,52.19419443772995,oscilate,
2018,4,200,B. hyodysenteriae_Tiamuline_Swine_inner_organs,123.60881542576989,4.817121864695249,0.0723753754621086,123.60881542576989,142.86106943862535,106.95103509305683,61.804407712884945,71.43053471931267,53.475517546528415,oscilate,
2019,5,200,B. hyodysenteriae_Tiamuline_Swine_inner_organs,124.05397569884818,4.820716758788682,0.08119343164873823,124.05397569884818,145.92658052169492,105.45980610024966,62.02698784942409,72.96329026084746,52.72990305012484,oscilate,
2020,6,200,B. hyodysenteriae_Tiamuline_Swine_inner_organs,124.5007391558744,4.8243116528821135,0.10441517920698414,124.5007391558744,153.41428563561863,101.03644511421103,62.25036957793721,76.70714281780931,50.51822255710552,oscilate,
2021,7,200,B. hyodysenteriae_Tiamuline_Swine_inner_organs,124.94911157049677,4.827906546975545,0.13479118625142394,124.94911157049677,163.6105517729408,95.4234327375365,62.474555785248384,81.8052758864704,47.71171636876825,oscilate,
