Year,Year_simple,Sample_size,category,fit,fit_link,se_link,fit_resp,right_upr,right_lwr,Percent_resistant_predict,CI_upper,CI_lower,icon,signif_level
2014,0,200,hemolytic E. coli_COLISTIN_Swine_feaces,30.69220177476625,3.4240086084749066,0.13261654392254563,30.69220177476625,40.0144923129477,23.541751883683222,15.346100887383123,20.00724615647385,11.770875941841611,downward_arrow,*
2015,1,200,hemolytic E. coli_COLISTIN_Swine_feaces,28.715120355985214,3.357423825705185,0.10957083023464598,28.715120355985214,35.750544013121086,23.064212302785908,14.357560177992607,17.875272006560543,11.532106151392954,downward_arrow,*
2016,2,200,hemolytic E. coli_COLISTIN_Swine_feaces,26.86539542225449,3.2908390429354633,0.0897594249629737,26.86539542225449,32.14824601386296,22.450664054358047,13.432697711127245,16.07412300693148,11.225332027179023,downward_arrow,*
2017,3,200,hemolytic E. coli_COLISTIN_Swine_feaces,25.134823126160267,3.2242542601657416,0.07576351573206434,25.134823126160267,29.24712539135967,21.600732555070127,12.567411563080134,14.623562695679833,10.800366277535064,downward_arrow,*
2018,4,200,hemolytic E. coli_COLISTIN_Swine_feaces,23.515728082678077,3.15766947739602,0.07110439281441601,23.515728082678077,27.109338510902425,20.39848619087704,11.757864041339039,13.554669255451213,10.19924309543852,downward_arrow,*
2019,5,200,hemolytic E. coli_COLISTIN_Swine_feaces,22.00092932752345,3.0910846946262978,0.07748501438314215,22.00092932752345,25.688790344716782,18.842494519179667,11.000464663761726,12.844395172358391,9.421247259589833,downward_arrow,*
2020,6,200,hemolytic E. coli_COLISTIN_Swine_feaces,20.58370846834341,3.024499911856576,0.09265197593915454,20.58370846834341,24.77422662375021,17.102009307672027,10.291854234171705,12.387113311875105,8.551004653836014,downward_arrow,*
2021,7,200,hemolytic E. coli_COLISTIN_Swine_feaces,19.257779887493736,2.9579151290868544,0.11312479061606508,19.257779887493736,24.147110147740168,15.358445955896956,9.628889943746868,12.073555073870084,7.679222977948479,downward_arrow,*
2022,8,200,hemolytic E. coli_COLISTIN_Swine_feaces,18.017262864246415,2.8913303463171323,0.13653723401860904,18.017262864246415,23.674649027407828,13.711787690856266,9.008631432123208,11.837324513703914,6.855893845428134,downward_arrow,*
