Year,Year_simple,Sample_size,category,fit,fit_link,se_link,fit_resp,right_upr,right_lwr,Percent_resistant_predict,CI_upper,CI_lower,icon,signif_level
2014,0,200,E. coli_TMP-SMX_cattle_feaces,113.81354986676327,4.734561581974777,0.02179093197276603,113.81354986676327,118.88343151488321,108.95987748850045,56.906774933381634,59.44171575744161,54.47993874425022,equals,
2015,1,200,E. coli_TMP-SMX_cattle_feaces,114.38250820712555,4.739548166967893,0.018006339418996358,114.38250820712555,118.57679927570972,110.33657733780012,57.19125410356277,59.28839963785486,55.168288668900054,equals,
2016,2,200,E. coli_TMP-SMX_cattle_feaces,114.95431079224988,4.744534751961008,0.014621261774436334,114.95431079224988,118.36549771033867,111.64143120539552,57.47715539612494,59.18274885516933,55.82071560269776,equals,
2017,3,200,E. coli_TMP-SMX_cattle_feaces,115.52897184062596,4.749521336954123,0.011979308246104615,115.52897184062596,118.33031026756731,112.79395198383384,57.76448592031298,59.16515513378366,56.39697599191692,equals,
2018,4,200,E. coli_TMP-SMX_cattle_feaces,116.10650564182234,4.754507921947239,0.010648748743767634,116.10650564182234,118.60580358051004,113.65987367729235,58.05325282091117,59.30290179025503,56.82993683864618,equals,
2019,5,200,E. coli_TMP-SMX_cattle_feaces,116.68692655684141,4.759494506940355,0.011111137076586775,116.68692655684141,119.30900176196229,114.12247716603274,58.34346327842071,59.654500880981146,57.06123858301637,equals,
2020,6,200,E. coli_TMP-SMX_cattle_feaces,117.27024901847682,4.76448109193347,0.013179088664836263,117.27024901847682,120.40237628461556,114.21960038684693,58.63512450923841,60.201188142307785,57.10980019342347,equals,
2021,7,200,E. coli_TMP-SMX_cattle_feaces,117.8564875316725,4.769467676926585,0.01625081174928305,117.8564875316725,121.74994380781649,114.08754056781348,58.92824376583625,60.874971903908246,57.04377028390674,equals,
2022,8,200,E. coli_TMP-SMX_cattle_feaces,118.44565667388315,4.774454261919701,0.019866023269888764,118.44565667388315,123.24648687496571,113.83183359327946,59.22282833694158,61.623243437482856,56.915916796639735,equals,
