Year,Year_simple,Sample_size,category,fit,fit_link,se_link,fit_resp,right_upr,right_lwr,Percent_resistant_predict,CI_upper,CI_lower,icon,signif_level
2016,0,200,E. cecorum_AMPICILLIN_poultry_inner_organs,9.026888487966147,2.2002077330732326,0.6760897814462407,9.026888487966147,34.896526462699974,2.335038011914243,4.5134442439830735,17.448263231349987,1.1675190059571214,oscilate,
2017,1,200,E. cecorum_AMPICILLIN_poultry_inner_organs,10.1740470480589,2.3198400707322144,0.529176624071799,10.1740470480589,29.3177554011801,3.530667062320517,5.08702352402945,14.65887770059005,1.7653335311602583,oscilate,
2018,2,200,E. cecorum_AMPICILLIN_poultry_inner_organs,11.466989259267807,2.4394724083911963,0.4096916047937631,11.466989259267807,26.0197435714149,5.05354106627781,5.7334946296339035,13.00987178570745,2.526770533138905,oscilate,
2019,3,200,E. cecorum_AMPICILLIN_poultry_inner_organs,12.924241656347608,2.559104746050178,0.3472107822338095,12.924241656347608,25.881445202456636,6.453890850570273,6.462120828173804,12.94072260122832,3.2269454252851366,oscilate,
2020,4,200,E. cecorum_AMPICILLIN_poultry_inner_organs,14.566685170361483,2.67873708370916,0.37168837518383724,14.566685170361483,30.634102036953163,6.926539468872685,7.2833425851807405,15.317051018476583,3.4632697344363423,oscilate,
2021,5,200,E. cecorum_AMPICILLIN_poultry_inner_organs,16.417854330990092,2.798369421368142,0.4697211660981972,16.417854330990092,42.00597010608036,6.416848370669896,8.208927165495046,21.00298505304018,3.208424185334948,oscilate,
2022,6,200,E. cecorum_AMPICILLIN_poultry_inner_organs,18.504274492185043,2.9180017590271237,0.6066403417190136,18.504274492185043,62.257713696121876,5.499851410435897,9.252137246092522,31.128856848060938,2.7499257052179487,oscilate,
