Year,Year_simple,Sample_size,category,fit,fit_link,se_link,fit_resp,right_upr,right_lwr,Percent_resistant_predict,CI_upper,CI_lower,icon,signif_level
2014,0,200,S. hyicus_TMPSMX_Swine_blood,59.06504884392735,4.078639359352268,0.3191797859241866,59.06504884392735,111.83213263638847,31.195685110277157,29.532524421963675,55.91606631819423,15.597842555138577,downward_arrow,*
2015,1,200,S. hyicus_TMPSMX_Swine_blood,50.16626187399779,3.915342726531412,0.25863581742207326,50.16626187399779,84.15113104576625,29.906357753430804,25.08313093699889,42.075565522883124,14.9531788767154,downward_arrow,*
2016,2,200,S. hyicus_TMPSMX_Swine_blood,42.60817318648962,3.752046093710556,0.21285411427534998,42.60817318648962,65.21922727150111,27.836214844011106,21.30408659324481,32.609613635750556,13.918107422005555,downward_arrow,*
2017,3,200,S. hyicus_TMPSMX_Swine_blood,36.188792117893115,3.5887494608897006,0.1926626571852697,36.188792117893115,53.2008713652885,24.616677158535502,18.094396058946558,26.600435682644253,12.308338579267751,downward_arrow,*
2018,4,200,S. hyicus_TMPSMX_Swine_blood,30.736560077805564,3.4254528280688445,0.2057390643091853,30.736560077805564,46.38290463194902,20.36819670766817,15.368280038902782,23.19145231597451,10.184098353834084,downward_arrow,*
2019,5,200,S. hyicus_TMPSMX_Swine_blood,26.10576562873005,3.262156195247989,0.24685190558578785,26.10576562873005,42.77098732180628,15.933955275208788,13.052882814365024,21.38549366090314,7.966977637604394,downward_arrow,*
2020,6,200,S. hyicus_TMPSMX_Swine_blood,22.172650333577597,3.0988595624271333,0.3048619385873475,22.172650333577597,40.795975612711544,12.05085588544949,11.086325166788798,20.397987806355772,6.025427942724745,downward_arrow,*
2021,7,200,S. hyicus_TMPSMX_Swine_blood,18.832101299264377,2.9355629296062773,0.3719453958668152,18.832101299264377,39.62474200810996,8.950166521542764,9.416050649632188,19.81237100405498,4.475083260771382,downward_arrow,*
2022,8,200,S. hyicus_TMPSMX_Swine_blood,15.994842024306267,2.772266296785422,0.44400854835598985,15.994842024306267,38.872357483863574,6.581411263484965,7.997421012153133,19.436178741931787,3.2907056317424828,downward_arrow,*
