Year,Year_simple,Sample_size,category,fit,fit_link,se_link,fit_resp,right_upr,right_lwr,Percent_resistant_predict,CI_upper,CI_lower,icon,signif_level
2014,0,200,E. coli_Apramycin_cattle_feaces,12.197452730502446,2.5012271373572386,0.09884823074835342,12.197452730502446,14.863723781621045,10.009460300709101,6.098726365251223,7.431861890810524,5.0047301503545505,oscilate,
2015,1,200,E. coli_Apramycin_cattle_feaces,12.388309241352149,2.5167532247758273,0.08219044769806882,12.388309241352149,14.601643927826421,10.510474479308606,6.194154620676074,7.300821963913211,5.255237239654303,oscilate,
2016,2,200,E. coli_Apramycin_cattle_feaces,12.582152130467758,2.5322793121944165,0.06726792706192936,12.582152130467758,14.394053448370181,10.998330164750058,6.291076065233879,7.197026724185091,5.499165082375029,oscilate,
2017,3,200,E. coli_Apramycin_cattle_feaces,12.779028126436657,2.5478053996130052,0.05549851959539016,12.779028126436657,14.279178665043759,11.436481305191283,6.3895140632183285,7.13958933252188,5.718240652595641,oscilate,
2018,4,200,E. coli_Apramycin_cattle_feaces,12.978984689019828,2.5633314870315944,0.049199641167609734,12.978984689019828,14.321054102982021,11.762684670169254,6.489492344509914,7.1605270514910115,5.881342335084627,oscilate,
2019,5,200,E. coli_Apramycin_cattle_feaces,13.18207002059266,2.578857574450183,0.050463165303357725,13.18207002059266,14.58194187149059,11.916586388781498,6.59103501029633,7.290970935745294,5.958293194390749,oscilate,
2020,6,200,E. coli_Apramycin_cattle_feaces,13.388333077764862,2.5943836618687723,0.05880361180673557,13.388333077764862,15.059226886288869,11.902832991006601,6.694166538882432,7.529613443144434,5.951416495503301,oscilate,
2021,7,200,E. coli_Apramycin_cattle_feaces,13.597823583182103,2.609909749287361,0.07179558355686853,13.597823583182103,15.697491403972403,11.779003500683709,6.798911791591052,7.848745701986201,5.8895017503418545,oscilate,
2022,8,200,E. coli_Apramycin_cattle_feaces,13.810592037512412,2.6254358367059503,0.08738852454811288,13.810592037512412,16.44814797558156,11.595983493689204,6.905296018756206,8.22407398779078,5.797991746844602,oscilate,
