Year,Year_simple,Sample_size,category,fit,fit_link,se_link,fit_resp,right_upr,right_lwr,Percent_resistant_predict,CI_upper,CI_lower,icon,signif_level
2014,0,200,A. pleuropneumoniae_FLORPHENICOL_Swine_inner_organs,1.038274003927541,0.03755972286420839,0.7881344416128551,1.038274003927541,5.0220017343707255,0.21465801173539548,0.5191370019637706,2.5110008671853628,0.10732900586769772,oscilate,
2015,1,200,A. pleuropneumoniae_FLORPHENICOL_Swine_inner_organs,1.0025313637566355,0.0025281652519835163,0.6555891297466809,1.0025313637566355,3.7199358545853283,0.2701845339824489,0.5012656818783178,1.8599679272926641,0.13509226699122445,oscilate,
2016,2,200,A. pleuropneumoniae_FLORPHENICOL_Swine_inner_organs,0.9680191659560046,-0.03250339236024136,0.5336929626534543,0.9680191659560046,2.81477557281112,0.3329079286851685,0.48400958297800223,1.40738778640556,0.16645396434258425,oscilate,
2017,3,200,A. pleuropneumoniae_FLORPHENICOL_Swine_inner_organs,0.9346950524788064,-0.06753494997246712,0.43156588383216765,0.9346950524788064,2.2157630088294074,0.39429074212675497,0.4673475262394032,1.1078815044147037,0.19714537106337746,oscilate,
2018,4,200,A. pleuropneumoniae_FLORPHENICOL_Swine_inner_organs,0.9025181234563139,-0.10256650758469199,0.36614192350517044,0.9025181234563139,1.8770799277802603,0.43393941361374994,0.4512590617281569,0.9385399638901303,0.21696970680687497,oscilate,
2019,5,200,A. pleuropneumoniae_FLORPHENICOL_Swine_inner_organs,0.8714488870000469,-0.13759806519691686,0.35813484411112484,0.8714488870000469,1.7836674735339275,0.42576498922694256,0.43572444350002343,0.8918337367669638,0.21288249461347128,oscilate,
2020,6,200,A. pleuropneumoniae_FLORPHENICOL_Swine_inner_organs,0.8414492107319765,-0.17262962280914262,0.4109149393039158,0.8414492107319765,1.9140094987613814,0.3699233335569443,0.42072460536598827,0.9570047493806907,0.18496166677847214,oscilate,
2021,7,200,A. pleuropneumoniae_FLORPHENICOL_Swine_inner_organs,0.8124822749833046,-0.2076611804213675,0.5057978553513148,0.8124822749833046,2.234314635557407,0.295449636616358,0.40624113749165236,1.1171573177787035,0.147724818308179,oscilate,
2022,8,200,A. pleuropneumoniae_FLORPHENICOL_Swine_inner_organs,0.7845125276043713,-0.24269273803359237,0.6238603337054262,0.7845125276043713,2.7319835743603114,0.22527950451250728,0.3922562638021857,1.3659917871801557,0.11263975225625364,oscilate,
